time,empirical_mean_covariance,discrete_bound_mean_covariance,continuous_bound_mean_covariance
0.0,60.00000000000001,60.00000000000001,60.00000000000001
0.02,59.75976786507388,59.759767865073854,59.61722826718257
0.04,59.534683631798636,59.53820627166261,59.28405935458188
0.06,59.32420261017211,59.33058906552437,58.98390754362024
0.08,59.11837756131639,59.13388187078515,58.707662765867155
0.1,58.926750270897934,58.9460206484948,58.449750296728126
0.12,58.73250666220454,58.76553420813754,58.206484516343814
0.14,58.549063155525815,58.591333012187974,57.97528440825839
0.16,58.36575982068461,58.42258424163127,57.75426088237957
0.18,58.19724129293515,58.25863431082922,57.54198234080788
0.2,58.023904555064334,58.09895881743544,57.337333071124924
0.22,57.852980198297345,57.94312905304844,57.13942332977447
0.24,57.70046250108442,57.790788893583446,56.947529838959525
0.26,57.54404989988204,57.64163841452401,56.7610550216599
0.28,57.38651893789519,57.49542199315408,56.57949824032834
0.3,57.22962286774695,57.35191948416114,56.402434985982524
0.32,57.077597020018096,57.21093955039126,56.22950148703925
0.34,56.918266637341155,57.07231453711271,56.06038310671773
0.36,56.77775601004183,56.93589647296414,55.89480544783769
0.38,56.64469996148305,56.80155390758689,55.73252743050633
0.4,56.50987837795079,56.66916938033378,55.573335832657584
0.42,56.35946593302731,56.53863737174954,55.41704093228013
0.44,56.216106614998175,56.409862629152705,55.263472991057334
0.46,56.079647319857195,56.28275878553217,55.11247938884439
0.48,55.95204126710255,56.15724721090022,54.96392226742255
0.5,55.825534301822316,56.033256049693605,54.81767657698807
0.52,55.69947988621335,55.910719408432904,54.67362844422068
0.54,55.573178622589104,55.78957666575267,54.53167379942971
0.56,55.45698640933953,55.669771882861504,54.39171721414871
0.58,55.33847587324754,55.55125329701646,54.25367091098666
0.6,55.208318058957,55.433972884073185,54.11745391547825
0.62,55.07664536799531,55.317885978869775,53.982991325766385
0.64,54.94947689362116,55.20295094431225,53.8502136806681
0.66,54.828781873357364,55.089128881693156,53.71905641036157
0.68,54.713335793233924,54.97638337609791,53.58945935683406
0.7,54.59498203554304,54.86468027181076,53.461366353533606
0.72,54.48351388864089,54.75398747348628,53.33472485550655
0.74,54.37256032018911,54.644274769542406,53.2094856127823
0.76,54.27227068537265,54.53551367479634,53.08560238096357
0.78,54.15752651453989,54.42767728982591,52.96303166395419
0.8,54.0393125466505,54.32074017492137,52.8417324845541
0.82,53.92749942850198,54.214678236807835,52.72166617930675
0.84,53.81976182565788,54.109468626582434,52.60279621452608
0.86,53.71049063259691,54.00508964752962,52.48508802088123
0.88,53.599649098370314,53.90152067166337,52.36850884429262
0.9,53.48629728642381,53.7987420640006,52.25302761120797
0.92,53.37613058105162,53.696735113702566,52.13861480659212
0.94,53.27044175491469,53.59548197133224,52.02524236318832
0.96,53.17113533473962,53.49496559157239,51.91288356079857
0.98,53.05975844934535,53.395169680830044,51.8015129344918
1.0,52.97045928191076,53.29607864922376,51.691106190787366
1.02,52.872209659644476,53.19767756651023,51.581640130978855
1.04,52.77532519700449,53.09995212155952,51.473092580864986
1.06,52.67330418101759,53.00288858503277,51.36544232624211
1.08,52.57871835225509,52.906473774956176,51.25866905358847
1.1,52.47276484637586,52.81069502491876,51.15275329543533
1.12,52.37150606873279,52.71554015465165,51.0476763799787
1.14,52.2696528957172,52.620997442772705,50.9434203845331
1.16,52.17789966249746,52.527055601502774,50.83996809247387
1.18,52.07502475373357,52.43370375318095,50.73730295335177
1.2,51.97789362073799,52.34093140842313,50.635409045897084
1.22,51.8808704578321,52.248728445784224,50.534271043660176
1.24,51.789721247476756,52.15708509279827,50.43387418306081
1.26,51.69494648243937,52.06599190828303,50.33420423364204
1.28,51.5965385258874,51.975439765806314,50.23524747034416
1.3,51.51036735848833,51.8854198382215,50.13699064763278
1.32,51.41945999444332,51.79592358318794,50.03942097533036
1.34,51.32329702684951,51.706942729599874,49.942526096015584
1.36,51.23458720426487,51.61846926485456,49.84629406386707
1.38,51.146468132883804,51.53049542289635,49.750713324839275
1.4,51.04827479514807,51.44301367297894,49.65577269806906
1.42,50.95837129897863,51.35601670909346,49.561461358419805
1.44,50.86868651930461,51.26949744001404,49.467768820079144
1.46,50.78274179471525,51.18344897991721,49.37468492113227
1.48,50.694142242948935,51.09786463953416,49.282199809041025
1.5,50.61020973914156,51.01273791779973,49.19030392696369
1.52,50.515576202602084,50.92806249396333,49.09898800085649
1.54,50.43004868872819,50.843832220131155,49.008243027302456
1.56,50.34742167496405,50.76004111421039,48.91806026201765
1.58,50.2557529151746,50.67668335322948,48.82843120898904
1.6,50.17831324004869,50.593753267009404,48.739347610201754
1.62,50.0942369767161,50.51124533216394,48.650801435916435
1.64,50.01284918527775,50.429154166407464,48.562784875461574
1.66,49.92539122727013,50.3474745231515,48.475290328506674
1.68,49.83117804613139,50.26620128637177,48.38831039678635
1.7,49.75004307757511,50.185329465729296,48.30183787624682
1.72,49.6665404268547,50.10485419193018,48.21586574958807
1.74,49.588259233890035,50.02477071230967,48.13038717917809
1.76,49.50098691845706,49.94507438662737,48.04539550031594
1.78,49.420799547742035,49.86576068306108,47.96088421482315
1.8,49.337249243993284,49.78682517438792,47.876846984943484
1.82,49.250947528387286,49.70826353434178,47.793277627533314
1.84,49.16500957782807,49.63007153413742,47.7101701085257
1.86,49.08463612493468,49.55224503915174,47.62751853765202
1.88,49.00957144886579,49.47478000575322,47.54531716340711
1.9,48.92905967556227,49.39767247827197,47.463560368243776
1.92,48.85300450067203,49.320918586102216,47.3822426639839
1.94,48.77162422227149,49.24451454093057,47.3013586874345
1.96,48.70377066809808,49.16845663408287,47.220903196197376
1.98,48.62307261483402,49.0927412339839,47.14087106466187
2.0,48.543231848401156,49.017364783723686,47.06125728017087
2.02,48.475725565234974,48.942323798725056,46.98205693935129
2.04,48.404233577497116,48.86761486450725,46.903265244599744
2.06,48.333118987816285,48.793234634540816,46.82487750071622
2.08,48.2550942472755,48.71917982818894,46.746889111677206
2.1,48.171323337801404,48.645447228731314,46.66929557754188
2.12,48.09211658210249,48.57203368146608,46.59209249148454
2.14,48.016383063534555,48.49893609188636,46.5152755369465
2.16,47.93763444168819,48.426151423927585,46.43884048490218
2.18,47.86605082279585,48.35367669828239,46.36278319123344
2.2,47.78725102416836,48.2815089907797,46.28709959420691
2.22,47.71272893579022,48.209645430825,46.211785712049505
2.24,47.640628011620095,48.138083199899285,46.136837640617266
2.26,47.56596509120769,48.06681953011346,46.062251551153224
2.28,47.48872233209803,47.99585170281597,45.98802368813033
2.3,47.41469642242047,47.92517704725133,45.91415036717489
2.32,47.339723141856844,47.8547929392669,45.840627973067484
2.34,47.26991869523685,47.78469680006626,45.76745295781746
2.36,47.19679865260344,47.71488609500648,45.694621838807734
2.38,47.12827482353933,47.64535833243812,45.62213119700675
2.4,47.06180362652201,47.576111062585575,45.54997767524474
2.42,46.994264173811054,47.50714187646596,45.47815797655119
2.44,46.92826999264928,47.43844840484545,45.40666886255105
2.46,46.860820943161414,47.37002831723086,45.33550715191718
2.48,46.793336569331,47.30187932089547,45.26466971887622
2.5,46.72926071874135,47.233999159937284,45.194153491766365
2.52,46.656446664790856,47.16638561436865,45.123955451643816
2.54,46.58024440678418,47.09903649923592,45.0540726309369
2.56,46.50971183175511,47.03194966376768,44.98450211214513
2.58,46.432661441000235,46.9651229905508,44.91524102658173
2.6,46.3614100525167,46.89855439473287,44.84628655315771
2.62,46.29025778416977,46.83224182325006,44.777635917205764
2.64,46.221984314856776,46.76618325407943,44.709286389342545
2.66,46.15059284203014,46.7003766955149,44.641235284367625
2.68,46.084152091752365,46.63482018546538,44.57347996019768
2.7,46.02384941149337,46.56951179077509,44.506017816834735
2.72,45.962801700093216,46.50444960656434,44.43884629536669
2.74,45.89700648997021,46.439631755590725,44.3719628769995
2.76,45.8258608879257,46.375056387629314,44.305365082119046
2.78,45.76218153231339,46.3107216788717,44.23905046938224
2.8,45.698052754560116,46.24662583134277,44.173016634835996
2.82,45.63533009843908,46.18276707233483,44.10726121106259
2.84,45.56840143257014,46.119143653858394,44.04178186635128
2.86,45.499889059977406,46.05575385210871,43.97657630389446
2.88,45.43288221752128,45.99259596694802,43.91164226100787
2.9,45.36750264113701,45.929668321402616,43.846977508373605
2.92,45.3028605614319,45.86696926117406,43.7825798493056
2.94,45.24279227031046,45.80449715416448,43.718447119036405
2.96,45.17569472291222,45.74225039001508,43.65457718402445
2.98,45.116919502357234,45.68022737965758,43.590967941281335
3.0,45.060621836355864,45.61842655487807,43.5276173177182
3.02,44.998938833062404,45.556846367893,43.46452326951076
3.04,44.93624034877324,45.49548529093648,43.40168378148204
3.06,44.87050418775673,45.434341815859085,43.33909686650231
3.08,44.805514408067864,45.373414453737354,43.27676056490593
3.1,44.74113740951905,45.312701734493764,43.214672943923844
3.12,44.68626581097077,45.252202206526796,43.1528320971321
3.14,44.625305770213416,45.19191443635089,43.0912361439149
3.16,44.56334155721111,45.13183700824572,43.029883228942474
3.18,44.5057851556541,45.07196852391463,42.96877152166282
3.2,44.445351251475934,45.0123076021521,42.907899215807
3.22,44.37973410682404,44.952852878519515,42.84726452890754
3.24,44.31567095272791,44.893603005029554,42.78686570182953
3.26,44.26009906825278,44.83455664983817,42.726700998314016
3.28,44.19635150686346,44.77571249694484,42.66676870453316
3.3,44.13561347652562,44.71706924589992,42.6070671286569
3.32,44.07381914861431,44.65862561151957,42.54759460043079
3.34,44.00927563534311,44.60038032360758,42.48834947076463
3.36,43.95366019248948,44.54233212668426,42.42933011133126
3.38,43.89069535765497,44.484479779721596,42.37053491417586
3.4,43.829181003191074,44.4268220558853,42.31196229133469
3.42,43.76843546541672,44.36935774228279,42.25361067446338
3.44,43.71483758840879,44.3120856397172,42.195478514474665
3.46,43.659731119943125,44.255004562447574,42.13756428118451
3.48,43.60394360174156,44.198113337954354,42.07986646296744
3.5,43.546470153506306,44.14141080671078,42.02238356641986
3.52,43.49207287628732,44.0848958219593,41.965114116031565
3.54,43.43585588287893,44.02856724949349,41.90805665386528
3.56,43.374911112474344,43.97242396744482,41.85120973924359
3.58,43.31604787117149,43.916464866074435,41.79457194844363
3.6,43.26037480665844,43.86068884756971,41.738141874398536
3.62,43.20936480984136,43.805094825845366,41.68191812640631
3.64,43.15262478778046,43.749681726349124,41.625899329845254
3.66,43.0928337112996,43.694448485871746,41.570084125895946
3.68,43.03872234688392,43.63939405236134,41.51447117126972
3.7,42.984095902348855,43.58451738474172,41.459059137943356
3.72,42.93452229554701,43.52981745273495,41.403846712899835
3.74,42.88204065721224,43.475293236687484,41.348832597874825
3.76,42.827484535617515,43.42094372740048,41.29401550910904
3.78,42.771752960223786,43.36676792596352,41.23939417710606
3.8,42.71645948240169,43.31276484359206,41.184967346395474
3.82,42.65768460363555,43.25893350146838,41.130733775301465
3.84,42.599886784399914,43.20527293058577,41.07669223571631
3.86,42.54639685144024,43.151782171596366,41.02284151287889
3.88,42.49210171033895,43.09846027466175,40.96918040515808
3.9,42.44080583947085,43.04530629930718,40.915707723840704
3.92,42.38430703071308,42.99231931427843,40.86242229292424
3.94,42.330762699423104,42.93949839740192,40.80932294891379
3.96,42.27731661681726,42.886842635447586,40.75640854062352
3.98,42.22579045397846,42.8343511239946,40.70367792898219
4.0,42.173453746381675,42.782022967299866,40.651129986842825
4.02,42.12405375024206,42.72985727816915,40.59876359879647
4.04,42.07384821255089,42.677853177830904,40.54657766098971
4.06,42.01914934524759,42.62600979581254,40.49457108094604
4.08,41.97066774456379,42.57432626981921,40.44274277739083
4.1,41.918643196435625,42.52280174561497,40.391091680080144
4.12,41.8671213865103,42.47143537690644,40.339616729632695
4.14,41.818928929957025,42.4202263252286,40.28831687736545
4.16,41.76487695406677,42.36917375983287,40.2371910851326
4.18,41.71250419635996,42.31827685757741,40.186238325167615
4.2,41.65781570671076,42.26753480281959,40.13545757992853
4.22,41.60765414401777,42.21694678731041,40.08484784194629
4.24,41.56280063647548,42.16651201009097,40.03440811367628
4.26,41.51256481848579,42.11622967739111,39.98413740735242
4.28,41.465031712358865,42.066099002529796,39.93403474484452
4.3,41.41253188956711,42.01611920581737,39.88409915751808
4.32,41.36646193642918,41.96628951445972,39.834329686097114
4.34,41.310118085087595,41.91660916246434,39.78472538052949
4.36,41.26041960456403,41.867077390547934,39.73528529985473
4.38,41.20783781735206,41.81769344604589,39.68600851207461
4.4,41.152399724617176,41.768456582823326,39.63689409402601
4.42,41.0983120762295,41.71936606118786,39.587941131256315
4.44,41.054003750168235,41.670421147803985,39.5391487179011
4.46,41.00073843374804,41.62162111560884,39.490515956564096
4.48,40.95316269219847,41.57296524372971,39.442041958199525
4.5,40.90380460178991,41.524452817402924,39.393725841996364
4.52,40.857655058651495,41.476083127894114,39.34556673526516
4.54,40.80695178403829,41.427855472420156,39.29756377332643
4.56,40.76133699051776,41.37976915407217,39.24971609940163
4.58,40.714073786663036,41.331823481740166,39.202022864505736
4.6,40.670032111424575,41.28401777003884,39.1544832273418
4.62,40.62071258851792,41.236351339234695,39.10709635419779
4.64,40.56896500189719,41.18882351517461,39.05986141884481
4.66,40.518386738797204,41.14143362921535,39.012777602437374
4.68,40.46877535144912,41.09418101815452,38.9658440934156
4.7,40.4171007240636,41.0470650241626,38.91906008740871
4.72,40.36497380647891,41.00008499471626,38.872424787140815
4.74,40.31774147924861,40.95324028253261,38.82593740233785
4.76,40.27010026936285,40.906530245504804,38.77959714963645
4.78,40.224142608996594,40.859954246638544,38.733403252494284
4.8,40.180381888229135,40.813511653989714,38.68735494110196
4.82,40.134785099412156,40.767201840603086,38.64145145229652
4.84,40.09142566006812,40.721024184452055,38.59569202947639
4.86,40.0428344477424,40.67497806837932,38.550075922517706
4.88,39.9993929967074,40.6290628800385,38.50460238769219
4.9,39.95162772854958,40.583278011836875,38.45927068758641
4.92,39.904306426880595,40.537622860878926,38.414080091022335
4.94,39.861685783187454,40.49209682891085,38.369029872979254
4.96,39.81484256874785,40.44669932226592,38.324119314517084
4.98,39.76830867579392,40.40142975181079,38.27934770270081
5.0,39.71918215918773,40.35628753289266,38.23471433052634
5.02,39.674294989123766,40.31127208528719,38.19021849684744
5.04,39.631394624850266,40.26638283314749,38.14585950630412
5.06,39.5870517941823,40.221619204953534,38.10163666925176
5.08,39.54537707132436,40.176980633462705,38.05754930169193
5.1,39.50175410611249,40.13246655566103,38.01359672520391
5.12,39.453824643345435,40.08807641271508,37.9697782668776
5.14,39.410529484188224,40.04380964992473,37.92609325924727
5.16,39.366461059242454,39.99966571667661,37.88254104022656
5.18,39.323763072915284,39.955644066398214,37.83912095304457
5.2,39.28183708266796,39.91174415651292,37.7958323461827
5.22,39.23849047934129,39.867965448395424,37.75267457331273
5.24,39.19410786141289,39.82430740732809,37.709646993235886
5.26,39.15306782709962,39.78076950245779,37.66674896982269
5.28,39.10885751934053,39.7373512067535,37.62397987195389
5.3,39.06588186879928,39.694051996964575,37.581339073462296
5.32,39.02126337161121,39.65087135357941,37.538825953075474
5.34,38.97688050661239,39.60780876078515,37.496439894359476
5.36,38.937722173792714,39.56486370642748,37.454180285663135
5.38,38.89436583591756,39.52203568197143,37.41204652006357
5.4,38.85220113484193,39.47932418246263,37.3700379953123
5.42,38.808436595531575,39.43672870648898,37.32815411378227
5.44,38.76397921602161,39.394248756143085,37.286394282415614
5.46,38.720536031291,39.35188383698521,37.24475791267236
5.48,38.67845837913457,39.309633458006616,37.20324442047966
5.5,38.64173068325011,39.267497131593665,37.16185322618206
5.52,38.600281867346474,39.22547437349219,37.12058375449228
5.54,38.563708890242744,39.183564702772635,37.07943543444296
5.56,38.51927190872476,39.141767641795454,37.03840769933882
5.58,38.4745484995851,39.10008271617714,36.99749998670987
5.6,38.43314790587011,39.05850945475676,36.95671173826502
5.62,38.39623333844005,39.01704738956284,36.916042399846624
5.64,38.35553390235445,38.97569605578083,36.87549142138541
5.66,38.32027556337959,38.93445499172102,36.83505825685633
5.68,38.27830303747244,38.89332373878671,36.79474236423489
5.7,38.234768693572114,38.85230184144323,36.7545432054542
5.72,38.19269409621986,38.81138884718688,36.714460246362535
5.74,38.15181790295396,38.770584306514756,36.67449295668168
5.76,38.111896143735734,38.72988777289471,36.63464080996566
5.78,38.0735902425648,38.6892988027358,36.59490328356023
5.8,38.03570269315168,38.648816955359145,36.555279858562876
5.82,37.99552222592177,38.608441792969295,36.515770019783304
5.84,37.958367527294236,38.5681728806257,36.47637325570473
5.86,37.91808389275992,38.52800978621485,36.4370890584453
5.88,37.87608609280805,38.48795208042268,36.397916923720636
5.9,37.8374546921969,38.44799933670733,36.35885635080618
5.92,37.79878519507191,38.408151131272206,36.319906842500785
5.94,37.760378254313125,38.36840704303963,36.28106790509023
5.96,37.721156225940355,38.328766653624584,36.24233904831168
5.98,37.681872024643084,38.2892295473089,36.20371978531822
6.0,37.63954190494561,38.24979531101586,36.16520963264432
6.02,37.60055196157772,38.21046353428497,36.12680811017144
6.04,37.561185592521255,38.17123380924729,36.08851474109411
6.06,37.52339688466807,38.132105730600735,36.0503290518867
6.08,37.47975392745144,38.0930788955862,36.01225057227051
6.1,37.44146329959941,38.05415290396345,35.974278835181195
6.12,37.403974316811265,38.01532735798768,35.93641337673686
6.14,37.362517386040466,37.97660186238633,35.898653736206306
6.16,37.32180386248148,37.93797602433605,35.86099945597793
6.18,37.289167918646314,37.89944945344005,35.82345008152901
6.2,37.25043444166848,37.861021761705764,35.78600516139514
6.22,37.20876330742083,37.822692563522814,35.74866424714059
6.24,37.165571333113355,37.78446147564108,35.71142689332836
6.26,37.12740441177232,37.746328117149325,35.67429265749125
6.28,37.08514286103703,37.70829210945376,35.63726110010307
6.3,37.04688518629693,37.670353076257186,35.60033178454996
6.32,37.004849026026925,37.63251064353824,35.56350427710265
6.34,36.96373947166962,37.59476443953082,35.526778146888546
6.36,36.922679572603755,37.55711409470397,35.49015296586445
6.38,36.88425893595759,37.51955924174187,35.45362830878961
6.4,36.84682247099269,37.48209951552404,35.41720375319902
6.42,36.8126392316252,37.444734553105974,35.38087887937715
6.44,36.77569498529619,37.40746399369972,35.34465327033194
6.46,36.73732158418594,37.370287478655094,35.30852651176921
6.48,36.70337146618958,37.33320465144058,35.27249819206731
6.5,36.66629663537038,37.296215157625056,35.23656790225213
6.52,36.62967187067704,37.25931864485932,35.20073523597236
6.54,36.59769124734074,37.22251476285791,35.16499978947522
6.56,36.55921396954631,37.185803163381344,35.12936116158228
6.58,36.52321534646835,37.14918350021832,35.093818953665796
6.6,36.490498165142675,37.11265542916827,35.05837276962507
6.62,36.45499266063374,37.07621860802409,35.02302221586346
6.64,36.422719881062314,37.03987269655505,34.98776690126528
6.66,36.38696147049358,37.00361735648993,34.95260643717331
6.68,36.353325041481156,36.967452251500326,34.91754043736639
6.7,36.319869918808386,36.93137704718421,34.882568518037345
6.72,36.284131873531244,36.89539141104962,34.84769029777117
6.74,36.2529108494117,36.85949501249852,34.812905397523565
6.76,36.21985228242125,36.82368752281095,34.778213440599494
6.78,36.179757272763176,36.78796861512926,34.743614052632324
6.8,36.144706140817384,36.752337964442575,34.70910686156292
6.82,36.10841248077703,36.71679524757136,34.67469149761919
6.84,36.07532308421796,36.68134014315236,34.64036759329582
6.86,36.04010822800155,36.64597233162339,34.606134783334085
6.88,36.00699735420458,36.61069149520861,34.57199270470226
6.9,35.97030802913603,36.57549731790382,34.537940996575884
6.92,35.93753009530714,36.5403894854619,34.50397930031844
6.94,35.90251014124516,36.50536768537844,34.47010725946235
6.96,35.8682059294475,36.47043160687761,34.43632451968994
6.98,35.83174339115011,36.43558094089807,34.402630728814884
7.0,35.79631967058681,36.40081538007907,34.36902553676365
7.02,35.763024916002486,36.36613461874672,34.33550859555733
7.04,35.731658694665114,36.33153835290051,34.302079559293595
7.06,35.70157747243044,36.2970262801997,34.2687380841289
7.08,35.66723640156909,36.26259809995017,34.235483828260755
7.1,35.633365474369526,36.228253513091275,34.2023164519105
7.12,35.60170540650399,36.193992222182786,34.16923561730584
7.14,35.5681281280657,36.15981393139209,34.13624098866413
7.16,35.53544881093225,36.12571834648143,34.10333223217522
7.18,35.50009796572967,36.09170517479539,34.070509015985074
7.2,35.468149523027535,36.057774125248386,34.037771010179185
7.22,35.433070854393506,36.023924908312424,34.005117886766406
7.24,35.398254474651594,35.99015723600485,33.97254931966273
7.26,35.365380580133866,35.95647082187641,33.940064984675516
7.28,35.330728781012624,35.9228653809992,33.90766455948773
7.3,35.296164522694724,35.88934062995494,33.87534772364232
7.32,35.260502039659364,35.85589628682333,33.84311415852697
7.34,35.22599855813926,35.82253207117054,33.81096354735878
7.36,35.19120621509475,35.789247704037635,33.778895575169294
7.38,35.158578596688415,35.75604290792941,33.74690992878954
7.4,35.12850805914815,35.72291740680317,33.71500629683547
7.42,35.0961115406749,35.68987092605767,33.683184369693194
7.44,35.064378045619215,35.65690319252211,33.65144383950482
7.46,35.03162280969306,35.62401393444534,33.61978440015402
7.48,34.99923719802807,35.59120288148517,33.58820574725208
7.5,34.965554942803955,35.55846976469765,33.5567075781239
7.52,34.93868839751007,35.525814316526684,33.52528959179421
7.54,34.905254806214685,35.493236270793496,33.49395148897402
7.56,34.87447434868011,35.46073536268649,33.46269297204701
7.58,34.842606905804054,35.428311328750894,33.431513745056286
7.6,34.810631894585285,35.3959639068788,33.40041351369114
7.62,34.77569853554522,35.363692836299144,33.369391985273985
7.64,34.741703478253505,35.3314978575678,33.338448868747456
7.66,34.70351250818453,35.29937871255783,33.307583874661596
7.68,34.6719334158192,35.26733514444977,33.27679671516122
7.7,34.63551019708547,35.23536689772204,33.2460871039734
7.72,34.6031262967817,35.20347371814149,33.2154547563951
7.74,34.57158945470345,35.17165535275397,33.18489938928083
7.76,34.54369220514501,35.13991154987504,33.15442072103063
7.78,34.508112607763536,35.10824205908072,33.124018471578005
7.8,34.47649715694905,35.07664663119843,33.093692362378036
7.82,34.44603104172475,35.04512501829792,33.06344211639568
7.84,34.41511734464803,35.0136769736823,33.033267458094045
7.86,34.38529046187575,34.98230225187926,33.00316811342295
7.88,34.35535519847078,34.951000608632214,32.973143809807524
7.9,34.32454835820066,34.9197718008917,32.94319427613685
7.92,34.29200457714268,34.88861558680672,32.9133192427529
7.94,34.25886637837616,34.85753172571622,32.88351844143939
7.96,34.230662666185836,34.82651997814073,32.85379160541091
7.98,34.196326556351984,34.79558010577391,32.82413846930207
8.0,34.16616656866122,34.76471187147433,32.79455876915671
8.02,34.137344575912984,34.7339150392573,32.76505224241744
8.04,34.1048024442132,34.703189374286694,32.73561862791497
8.06,34.07408847821312,34.672534642866985,32.70625766585782
8.08,34.041401427953424,34.64195061243521,32.67696909782194
8.1,34.01003725945255,34.61143705155313,32.64775266674061
8.12,33.98184549518316,34.580993729899376,32.61860811689424
8.14,33.953162533464216,34.55062041826179,32.58953519390047
8.16,33.923677173048674,34.52031688852966,32.560533644704186
8.18,33.89665361029679,34.490082913686216,32.53160321756782
8.2,33.865412946732285,34.45991826780102,32.50274366206154
8.22,33.83423844915153,34.42982272602261,32.47395472905372
8.24,33.802055020057814,34.39979606457101,32.44523617070145
8.26,33.77437970011481,34.36983806073052,32.416587740440974
8.28,33.74028713737413,34.33994849284242,32.38800919297854
8.3,33.71011710871386,34.31012714029774,32.35950028428102
8.32,33.67966036341778,34.280373783530266,32.33106077156688
8.34,33.649630250399774,34.25068820400934,32.30269041329701
8.36,33.621771669935924,34.22107018423304,32.27438896916581
8.38,33.59311492890524,34.19151950772112,32.24615620009232
8.4,33.564911315978144,34.162035959008236,32.21799186821135
8.42,33.53375281385956,34.132619323637115,32.189895736864834
8.44,33.50610717911426,34.1032693881518,32.16186757059315
8.46,33.477038093518665,34.07398594009108,32.13390713512657
8.48,33.44699653814389,34.044768767981736,32.10601419737682
8.5,33.41876709608341,34.01561766133209,32.07818852542864
8.52,33.38839930551575,33.986532410625465,32.05042988853154
8.54,33.35785303354165,33.957512807313776,32.02273805709148
8.56,33.32896888744501,33.92855864381111,31.995112802662778
8.58,33.29697567187197,33.89966971348747,31.967553897940018
8.6,33.27057269138416,33.87084581066241,31.94006111675001
8.62,33.24191183232147,33.84208673059895,31.91263423404391
8.64,33.21427267732972,33.81339226949733,31.885273025889326
8.66,33.18558475307596,33.7847622244889,31.85797726946254
8.68,33.15857060806196,33.75619639363014,31.830746743040812
8.7,33.12689465825369,33.72769457589665,31.80358122599473
8.72,33.09695346665609,33.69925657117713,31.77648049878064
8.74,33.06600288684178,33.6708821802676,31.749444342933142
8.76,33.038510598639775,33.64257120486548,31.722472541057666
8.78,33.00875598560271,33.61432344756387,31.695564876823088
8.8,32.98272015186716,33.58613871184572,31.668721134954463
8.82,32.9509394747233,33.558016802078235,31.64194110122578
8.84,32.92214625919855,33.52995752350717,31.61522456245278
8.86,32.89604483313735,33.5019606822513,31.588571306485896
8.88,32.86528228132718,33.47402608529682,31.561981122203182
8.9,32.837993875423294,33.44615354049185,31.535453799503326
8.92,32.81247418796778,33.41834285654105,31.508989129298808
8.94,32.78617475964702,33.390593843000126,31.482586903509006
8.96,32.75632792194096,33.362906310270596,31.45624691505338
8.98,32.72872662521022,33.33528006959431,31.42996895784481
9.0,32.703408637505525,33.30771493304838,31.403752826782892
9.02,32.67676911403909,33.28021071353978,31.377598317747317
9.04,32.65053272783589,33.2527672248003,31.351505227591392
9.06,32.6225456415874,33.22538428138132,31.325473354135465
9.08,32.59667793213763,33.19806169864879,31.29950249616054
9.1,32.56986758029845,33.17079929277813,31.273592453401886
9.12,32.54245180498925,33.143596880749236,31.24774302654272
9.14,32.51607308440566,33.11645428034155,31.221954017207967
9.16,32.48659143530571,33.0893713101291,31.19622522795798
9.18,32.460348355911066,33.06234778947562,31.170556462282473
9.2,32.42978860729709,33.035383538529715,31.14494752459435
9.22,32.40308580656951,33.00847837822003,31.119398220223673
9.24,32.373912983592994,32.98163213025059,31.093908355411713
9.26,32.345247301080086,32.954844617095915,31.068477737304935
9.28,32.32055925741789,32.92811566199648,31.043106173949116
9.3,32.29378346837186,32.90144508895398,31.017793474283554
9.32,32.266871249657896,32.87483272272674,30.992539448135236
9.34,32.24139025816169,32.84827838882519,30.96734390621307
9.36,32.214858385283286,32.82178191350727,30.942206660102265
9.38,32.18960201821656,32.795343123773954,30.917127522258596
9.4,32.16210551982846,32.76896184736477,30.892106306002876
9.42,32.13640888694155,32.742637912753445,30.867142825515383
9.44,32.11062120687603,32.71637114914342,30.842236895830332
9.46,32.085669053674415,32.690161386463565,30.81738833283047
9.48,32.06103056235661,32.66400845536382,30.792596953241617
9.5,32.03677780181589,32.637912187210915,30.767862574627326
9.52,32.00905857111044,32.611872414084154,30.74318501538357
9.54,31.983659774048107,32.585888968771144,30.71856409473343
9.56,31.957355322235355,32.55996168476365,30.69399963272192
9.58,31.93089453574471,32.53409039625343,30.669491450210746
9.6,31.905009784288968,32.508274938128125,30.645039368873174
9.62,31.88228974653557,32.482515145967135,30.62064321118898
9.64,31.855298384740728,32.45681085603764,30.5963028004393
9.66,31.828433330774917,32.4311619052905,30.572017960701707
9.68,31.804590048683984,32.40556813135634,30.547788516845156
9.7,31.77950205681556,32.3800293725415,30.523614294525103
9.72,31.749172659495613,32.3545454678242,30.499495120178587
9.74,31.72335590642133,32.32911625685058,30.47543082101937
9.76,31.70036649699615,32.30374157993085,30.45142122503315
9.78,31.675580551371063,32.27842127803547,30.427466160972752
9.8,31.64937822916989,32.253155192791304,30.403565458353413
9.82,31.62108587805185,32.22794316647789,30.379718947448072
9.84,31.59898257911405,32.202785042023656,30.35592645928274
9.86,31.576362206664673,32.17768066300221,30.332187825631838
9.88,31.55198421534143,32.15262987362864,30.308502879013623
9.9,31.529331069979005,32.12763251875586,30.28487145268568
9.92,31.50443421720122,32.10268844387097,30.26129338064033
9.94,31.476797236885176,32.07779749509165,30.23776849760025
9.96,31.454610583697576,32.05295951916259,30.214296639013977
9.98,31.42809416132862,32.028174363451896,30.190877641051483
10.0,31.40328697465702,32.00344187594763,30.167511340599898
10.02,31.376927284469208,31.97876190525424,30.144197575259085
10.04,31.354401620037645,31.954134300589118,30.120936183337342
10.06,31.326625062923252,31.92955891177918,30.09772700384726
10.08,31.303039698682873,31.905035589257377,30.07456987650131
10.1,31.278713286816153,31.88056418405937,30.051464641707792
10.12,31.2548970887809,31.85614454782012,30.02841114056659
10.14,31.231303693175384,31.831776532770547,30.005409214865093
10.16,31.20556316737825,31.80745999173421,29.98245870707405
10.18,31.180298050334795,31.783194778124003,29.959559460343527
10.2,31.157377985424716,31.75898074593891,29.936711318498862
10.22,31.13421658821565,31.734817749760733,29.913914126036662
10.24,31.11048426137415,31.710705644750888,29.891167728120866
10.26,31.086381446871417,31.68664428664717,29.868471970578742
10.28,31.062240006369805,31.66263353176062,29.845826699896996
10.3,31.040368072610104,31.638673236972334,29.823231763217933
10.32,31.01615161079744,31.614763259730378,29.800687008335572
10.34,30.99319630983217,31.590903458046636,29.778192283691784
10.36,30.969635280895083,31.56709369049373,29.755747438372595
10.38,30.94450104413088,31.543333816202004,29.73335232210434
10.4,30.920685121048997,31.51962369485644,29.711006785249975
10.42,30.8978163340238,31.495963186693633,29.688710678805357
10.44,30.87376576146948,31.47235215249885,29.666463854395563
10.46,30.851482810414964,31.448790453602996,29.644266164271226
10.48,30.829117428626137,31.42527795187968,29.62211746130498
10.5,30.805737591219543,31.401814509742323,29.60001759898779
10.52,30.78470655467094,31.37839999014118,29.577966431425416
10.54,30.76155771556219,31.355034256560497,29.555963813334873
10.56,30.73845819272761,31.331717173015647,29.53400960004094
10.58,30.71587380738442,31.308448604050234,29.512103647472614
10.6,30.693162575587618,31.285228414733307,29.490245812159728
10.62,30.66914863655707,31.262056470656546,29.46843595122945
10.64,30.64678000420669,31.23893263793146,29.44667392240291
10.66,30.621238903507617,31.215856783186624,29.42495958399182
10.68,30.6002819046774,31.192828773564937,29.40329279489509
10.7,30.578649951325488,31.169848476720897,29.38167341459551
10.72,30.553984593868922,31.14691576081786,29.360101303156483
10.74,30.530927095314762,31.12403049452539,29.338576321218646
10.76,30.508474059201525,31.101192547016545,29.317098329996675
10.78,30.486605754682834,31.078401787965284,29.295667191276085
10.8,30.464986943266627,31.055658087543716,29.274282767409932
10.82,30.443381604407712,31.032961316419666,29.2529449213157
10.84,30.421570101374172,31.010311345753873,29.231653516472075
10.86,30.39823136113706,30.987708047197575,29.210408416915875
10.88,30.374922930217934,30.965151292889843,29.18920948723886
10.9,30.35308335351602,30.942640955455076,29.16805659258468
10.92,30.332127443591176,30.920176908000474,29.146949598645797
10.94,30.312257981374135,30.897759024113522,29.12588837166044
10.96,30.288905282663528,30.8753871778595,29.104872778409547
10.98,30.26703003879726,30.853061243779,29.08390268621379
11.0,30.24367861447233,30.83078109688548,29.062977962930592
11.02,30.223556138037868,30.80854661266281,29.042098476951118
11.04,30.2024267681239,30.786357667062845,29.021264097197424
11.06,30.179608853135505,30.76421413650305,29.000474693119447
11.08,30.15883614394608,30.742115897864053,28.979730134692133
11.1,30.134482515580025,30.72006282848731,28.959030292412585
11.12,30.11338224570283,30.69805480617274,28.938375037297188
11.14,30.09214671173987,30.676091709176355,28.917764240878775
11.16,30.071135924584148,30.65417341620796,28.89719777520379
11.18,30.04963115408942,30.632299806428843,28.876675512829515
11.2,30.02598325261585,30.610470759449452,28.856197326821277
11.22,30.00636042610073,30.58868615532715,28.83576309074974
11.24,29.984978241505896,30.566945874563885,28.815372678688057
11.26,29.964368473809493,30.545249798104006,28.79502596520929
11.28,29.940836346733537,30.52359780733202,28.774722825383616
11.3,29.920559914942604,30.50198978407034,28.75446313477564
11.32,29.899807749818372,30.480425610577097,28.734246769441818
11.34,29.87878780190271,30.458905169543904,28.71407360592773
11.36,29.857009607703343,30.437428344093775,28.693943521265513
11.38,29.838850119565713,30.415995017778886,28.673856392971196
11.4,29.819159932435138,30.394605074578443,28.65381209904219
11.42,29.79693767664063,30.373258398896546,28.633810517954654
11.44,29.776411930504917,30.35195487556009,28.61385152866095
11.46,29.75434107307915,30.330694389816653,28.59393501058716
11.48,29.73315680276773,30.309476827332343,28.57406084363051
11.5,29.711065282390145,30.288302074189836,28.5542289081569
11.52,29.692156041764882,30.26717001688621,28.534439084998418
11.54,29.668190175356123,30.246080542330937,28.514691255450888
11.56,29.64810983674241,30.225033537843846,28.494985301271367
11.58,29.6250413420627,30.204028891153065,28.47532110467583
11.6,29.601632034972624,30.18306649039306,28.455698548336606
11.62,29.581187375250863,30.162146224102603,28.4361175153801
11.64,29.557720201436183,30.141267981222782,28.416577889384385
11.66,29.5369548821063,30.12043165109506,28.397079554376756
11.68,29.516947868213737,30.09963712345928,28.377622394831533
11.7,29.497744515795187,30.07888428845172,28.35820629566757
11.72,29.477370134254326,30.05817303660321,28.33883114224604
11.74,29.454223157671013,30.037503258837123,28.3194968203681
11.76,29.4346855411613,30.01687484646754,28.300203216272617
11.78,29.413946226892364,29.996287691197306,28.28095021663389
11.8,29.39210592197272,29.975741685116173,28.26173770855937
11.82,29.371764704313037,29.955236720698913,28.242565579587474
11.84,29.35216926254351,29.934772690803438,28.223433717685317
11.86,29.33171598549157,29.91434948866899,28.20434201124654
11.88,29.312205982032612,29.893967007914277,28.185290349089055
11.9,29.291279915173657,29.873625142535644,28.16627862045292
11.92,29.271692960967073,29.85332378690526,28.147306714998177
11.94,29.25240199078448,29.83306283576931,28.128374522802634
11.96,29.232865899815764,29.81284218424624,28.109481934359813
11.98,29.211266531494022,29.792661727824918,28.09062884057679
12.0,29.192640476099108,29.772521362362898,28.071815132772027
12.02,29.172023707146128,29.75242098408466,28.053040702673403
12.04,29.15273376842917,29.73236048957986,28.034305442416027
12.06,29.131593495649785,29.712339775801563,28.015609244540233
12.08,29.112161671889787,29.69235874006459,27.99695200198947
12.1,29.093483356118668,29.67241728004369,27.97833360810832
12.12,29.07322383396351,29.652515293771973,27.959753956640423
12.14,29.05266900529784,29.63265267963909,27.94121294172653
12.16,29.034026101986015,29.61282933638962,27.922710457902408
12.18,29.01411614569116,29.59304516312139,27.904246400096927
12.2,28.99571307708265,29.57330005928379,27.885820663630064
12.22,28.976722184448228,29.55359392467613,27.86743314421095
12.24,28.957976320211422,29.53392665944599,27.849083737935896
12.26,28.940249538784688,29.514298164087617,27.830772341286487
12.28,28.91926844945739,29.494708339440265,27.812498851127614
12.3,28.90003063617813,29.47515708668661,27.79426316470566
12.32,28.88166622971327,29.45564430735113,27.776065179646466
12.34,28.863054571401086,29.436169903298527,27.757904793953575
12.36,28.8438213804477,29.416733776732105,27.739781906006243
12.38,28.825850275971472,29.397335830192272,27.721696414557687
12.4,28.808001856018723,29.37797596655489,27.703648218733132
12.42,28.790473198280218,29.358654089029784,27.685637218028052
12.44,28.77122709363664,29.339370101159165,27.66766331230631
12.46,28.75312662410695,29.3201239068161,27.649726401798333
12.48,28.73638384771215,29.300915410202993,27.631826387099334
12.5,28.7185099000444,29.281744515850065,27.613963169167494
12.52,28.699129582338525,29.26261112861382,27.596136649322226
12.54,28.681212742948475,29.243515153675613,27.578346729242337
12.56,28.661773803013812,29.224456496540085,27.560593310964347
12.58,28.6423426054917,29.205435063033704,27.542876296880685
12.6,28.623071431518447,29.186450759303327,27.52519558973796
12.62,28.603490360261283,29.167503491814703,27.50755109263529
12.64,28.58422356799768,29.14859316735101,27.489942709022497
12.66,28.566171309630654,29.129719693011445,27.472370342698504
12.68,28.545167515344,29.11088297620975,27.454833897809564
12.7,28.527346299678676,29.09208292467281,27.437333278847614
12.72,28.50844885883893,29.073319446439214,27.4198683906486
12.74,28.489831605266474,29.054592449857857,27.402439138390818
12.76,28.472075022567115,29.035901843586515,27.385045427593248
12.78,28.454346601155482,29.01724753659047,27.36768716411395
12.8,28.437294636513478,28.998629438141123,27.350364254148374
12.82,28.417487521051306,28.980047457814596,27.333076604227816
12.84,28.398820908692958,28.961501505490382,27.315824121217727
12.86,28.379817660322768,28.942991491349968,27.2986067123162
12.88,28.362899042407832,28.924517325875474,27.281424285052307
12.9,28.346034923908125,28.90607891984833,27.264276747284534
12.92,28.328820778402687,28.88767618434792,27.24716400719927
12.94,28.31163729749351,28.869309030750244,27.230085973309148
12.96,28.29571118204601,28.8509773707266,27.213042554451594
12.98,28.277318759429612,28.832681116242284,27.196033659787197
13.0,28.259851628409233,28.81442017955526,27.179059198798253
13.02,28.243430969897787,28.796194473214864,27.162119081287162
13.04,28.224598779522307,28.77800391006052,27.145213217375023
13.06,28.205619203920186,28.759848403220456,27.12834151750002
13.08,28.186848103054405,28.741727866110377,27.11150389241598
13.1,28.167764390750758,28.72364221243228,27.094700253190894
13.12,28.15096008560645,28.70559135617312,27.077930511205416
13.14,28.133956933035208,28.68757521160359,27.061194578151404
13.16,28.115981829019944,28.66959369327684,27.044492366030504
13.18,28.096022644164417,28.651646716027262,27.027823787152585
13.2,28.07826977788866,28.633734194969247,27.01118875413443
13.22,28.05962117538508,28.615856045495963,26.994587179898225
13.24,28.043469955129243,28.59801218327811,26.978018977670164
13.26,28.025930542100355,28.58020252426274,26.961484060979014
13.28,28.00991536318478,28.562426984672005,26.944982343654726
13.3,27.994186207019776,28.544685481002016,26.928513739827014
13.32,27.97812400806436,28.526977930021598,26.912078163924008
13.34,27.96192233201349,28.509304248771123,26.895675530670804
13.36,27.94666253586826,28.491664354561323,26.879305755088183
13.38,27.9304607276493,28.474058164972142,26.862968752491135
13.4,27.913771067719125,28.456485597851522,26.846664438487593
13.42,27.898178442281907,28.438946571314293,26.830392728977056
13.44,27.881371697107927,28.421441003740973,26.81415354014921
13.46,27.865744997666738,28.403968813776654,26.797946788482655
13.48,27.84947605984991,28.386529920329863,26.781772390743537
13.5,27.83397658546888,28.369124242571377,26.765630263984246
13.52,27.81710444963394,28.35175169993319,26.74952032554211
13.54,27.799197771408505,28.334412212107264,26.733442493038094
13.56,27.783811699276832,28.31710569904452,26.71739668437545
13.58,27.766414110390343,28.2998320809537,26.70138281773856
13.6,27.74863198566025,28.282591278300227,26.685400811591496
13.62,27.733560812792952,28.26538321180515,26.669450584676877
13.64,27.714820036373776,28.248207802444025,26.65353205601454
13.66,27.6989294646259,28.231064971445857,26.63764514490029
13.68,27.683525818800526,28.213954640292,26.62178977090467
13.7,27.66822805101101,28.19687673071508,26.605965853871712
13.72,27.65286811149148,28.17983116469794,26.590173313917685
13.74,27.63534093737386,28.162817864472593,26.57441207142987
13.76,27.618308488875076,28.145836752519113,26.558682047065346
13.78,27.60325151691579,28.12888775156466,26.542983161749824
13.8,27.585110382208352,28.11197078458237,26.527315336676335
13.82,27.569571161835313,28.09508577479035,26.511678493304117
13.84,27.554752784834896,28.078232645650637,26.496072553357408
13.86,27.536643988323558,28.061411320868164,26.48049743882421
13.88,27.521775831592628,28.044621724389778,26.46495307195517
13.9,27.505458760524544,28.027863780403145,26.44943937526238
13.92,27.49012962713219,28.01113741333581,26.433956271518195
13.94,27.474821781436273,27.994442547854195,26.418503683754146
13.96,27.4606424287998,27.977779108862514,26.403081535259656
13.98,27.445452851884244,27.961147021501883,26.387689749581064
14.0,27.42972097725533,27.944546211149273,26.372328250520304
14.02,27.412236583072836,27.927976603416546,26.35699696213394
14.04,27.39380605491013,27.911438124149445,26.341695808731913
14.06,27.3766983383632,27.894930699426663,26.326424714876467
14.08,27.361936366763643,27.878454255558857,26.311183605381096
14.1,27.345375717002565,27.8620087190877,26.295972405309314
14.12,27.329660316759217,27.845594016784883,26.280791039973654
14.14,27.311983346228107,27.829210075651208,26.26563943493452
14.16,27.296407320297064,27.812856822915613,26.25051751599915
14.18,27.279597601182942,27.796534186034254,26.235425209220455
14.2,27.263823039816653,27.78024209268952,26.22036244089602
14.22,27.24612984148048,27.763980470789182,26.205329137566988
14.24,27.230170062532242,27.747749248465365,26.190325226017002
14.26,27.21378792385445,27.731548354073727,26.17535063327118
14.28,27.197690232706258,27.71537771619246,26.160405286595015
14.3,27.179779605680423,27.69923726362141,26.145489113493333
14.32,27.16511274920211,27.683126925381195,26.130602041709327
14.34,27.150989387987533,27.667046630712257,26.11574399922337
14.36,27.135229929685234,27.650996309073978,26.100914914252176
14.38,27.120478538756345,27.634975890143814,26.086114715247604
14.4,27.10279035360038,27.618985303816352,26.071343330895772
14.42,27.087704274256147,27.603024480202496,26.05660069011595
14.44,27.07026217338492,27.587093349628507,26.041886722059598
14.46,27.056015471973428,27.571191842635194,26.027201356109373
14.48,27.042011323441507,27.55531988997704,26.01254452187812
14.5,27.024854621106147,27.539477422621268,25.99791614920785
14.52,27.008106754382634,27.523664371747063,25.983316168168823
14.54,26.992998877552832,27.50788066874467,25.968744509058514
14.56,26.97827516955775,27.492126245214536,25.95420110240065
14.58,26.964693089879397,27.476401032966518,25.93968587894427
14.6,26.949637137367453,27.460704964018948,25.92519876966271
14.62,26.933602112970362,27.44503797059788,25.910739705752714
14.64,26.917761419679024,27.429399985136214,25.896308618633427
14.66,26.90268955223307,27.41379094027286,25.881905439945438
14.68,26.889089739554414,27.39821076885194,25.867530101549914
14.7,26.874691567949398,27.38265940392192,25.853182535527548
14.72,26.860575458960675,27.36713677873485,25.838862674177758
14.74,26.845414556963,27.351642826745515,25.824570450017642
14.76,26.83095564351469,27.336177481610637,25.810305795781126
14.78,26.8161114808463,27.32074067718804,25.796068644418032
14.8,26.80093722708671,27.30533234753591,25.781858929093154
14.82,26.7852450329526,27.28995242691192,25.767676583185366
14.84,26.770191660389564,27.274600849772526,25.75352154028672
14.86,26.754557987824942,27.259277550772097,25.7393937342015
14.88,26.738731345357078,27.243982464762173,25.72529309894541
14.9,26.72343175188897,27.228715526790683,25.711219568744657
14.92,26.709306555919756,27.213476672101166,25.697173078035004
14.94,26.69340762095934,27.198265836131952,25.683153561461015
14.96,26.680926834224852,27.18308295451549,25.669160953875036
14.98,26.666957629689463,27.16792796307749,25.655195190336464
15.0,26.651109913895862,27.1528007978362,25.641256206110793
15.02,26.63567425307772,27.137701395001656,25.627343936668787
15.04,26.622267092548142,27.122629690974925,25.613458317685613
15.06,26.60744893724755,27.107585622347326,25.599599285040018
15.08,26.593154297166055,27.092569125899725,25.585766774813425
15.1,26.580157800796925,27.077580138601782,25.571960723289177
15.12,26.56604456647673,27.06261859761118,25.558181066951605
15.14,26.553275442108777,27.047684440272928,25.54442774248527
15.16,26.539458048885464,27.03277760411863,25.53070068677411
15.18,26.524646232971882,27.01789802686571,25.516999836900588
15.2,26.51181231501218,27.00304564641674,25.503325130144923
15.22,26.498001143596372,26.988220400858733,25.489676503984224
15.24,26.484387191501952,26.973422228462333,25.476053896091738
15.26,26.470326668538984,26.958651067681224,25.462457244335976
15.28,26.456197278300934,26.943906857151312,25.44888648677997
15.3,26.44006847300373,26.929189535690114,25.435341561680417
15.32,26.424367901177316,26.914499042295947,25.421822407486957
15.34,26.410675395482272,26.89983531614736,25.408328962841313
15.36,26.395828989504654,26.885198296602308,25.39486116657655
15.38,26.380450258130075,26.870587923197554,25.381418957716264
15.4,26.366993464283745,26.856004135647954,25.368002275473835
15.42,26.353115178763034,26.841446873845722,25.354611059251624
15.44,26.337322937720863,26.82691607785983,25.341245248640227
15.46,26.32408621038236,26.81241168793529,25.327904783417704
15.48,26.30946539080379,26.79793364449244,25.31458960354878
15.5,26.294566584428093,26.78348188812634,25.301299649184156
15.52,26.28172855178975,26.769056359606076,25.288034860659714
15.54,26.269620793679653,26.75465699987408,25.274795178495744
15.56,26.25603897857447,26.740283750045453,25.26158054339625
15.58,26.24428474166895,26.7259365514074,25.24839089624819
15.6,26.22857882659473,26.711615345418444,25.23522617812071
15.62,26.211447634361043,26.697320073707854,25.222086330264446
15.64,26.198309898107812,26.68305067807498,25.20897129411078
15.66,26.185000315114316,26.668807100488618,25.195881011271084
15.68,26.170588423781382,26.654589283086324,25.182815423536077
15.7,26.156183234884743,26.640397168173823,25.169774472874998
15.72,26.142943326122566,26.626230698224337,25.156758101434974
15.74,26.130976308719905,26.61208981587799,25.143766251540264
15.76,26.115487396762976,26.597974463941117,25.130798865691578
15.78,26.102266605080573,26.5838845853857,25.117855886565348
15.8,26.087626770355367,26.56982012334871,25.10493725701304
15.82,26.072534998495044,26.55578102113148,25.09204292006046
15.84,26.059070812686112,26.54176722219911,25.079172818907033
15.86,26.045257029768056,26.527778670179817,25.06632689692515
15.88,26.031083700889532,26.513815308864384,25.053505097659464
15.9,26.018284503825637,26.499877082205455,25.040707364826194
15.92,26.00434558558573,26.48596393431702,25.027933642312437
15.94,25.988950574067296,26.47207580947377,25.015183874175552
15.96,25.975674534434372,26.458212652110475,25.002458004642428
15.98,25.96255539337623,26.444374406821435,24.98975597810879
16.0,25.949994440817875,26.43056101835985,24.97707773913864
16.02,25.93635418091434,26.416772431637234,24.96442323246346
16.04,25.92228623334219,26.403008591722816,24.95179240298166
16.06,25.90951228544997,26.389269443843002,24.93918519575786
16.08,25.89676047042256,26.3755549333807,24.92660155602226
16.1,25.882938874620272,26.361865005874833,24.91404142916997
16.12,25.868935246511718,26.3481996070197,24.901504760760393
16.14,25.8548245758966,26.33455868266444,24.888991496516553
16.16,25.84125995644541,26.32094217881239,24.876501582324483
16.18,25.826506487841073,26.307350041620612,24.864034964232548
16.2,25.81379001328615,26.293782217399237,24.85159158845085
16.22,25.80043563512963,26.280238652610993,24.839171401350576
16.24,25.788132763187097,26.26671929387051,24.826774349463385
16.26,25.77461163957957,26.253224087943888,24.814400379480738
16.28,25.76148044956944,26.239752981748083,24.80204943825334
16.3,25.74667566370742,26.22630592235034,24.789721472790486
16.32,25.73350398804749,26.212882856967678,24.777416430259457
16.34,25.72057944504815,26.19948373296631,24.765134257984887
16.36,25.708700391860376,26.1861084978611,24.752874903448166
16.38,25.696411412859998,26.172757099315046,24.740638314286848
16.4,25.684164676712737,26.159429485138713,24.72842443829404
16.42,25.671272206806556,26.14612560328968,24.71623322341776
16.44,25.65845808877489,26.132845401872043,24.70406461776043
16.46,25.64572015001869,26.119588829135836,24.691918569578164
16.48,25.633833109928602,26.106355833476545,24.67979502728029
16.5,25.61998131591572,26.093146363434542,24.667693939428656
16.52,25.606926403554848,26.079960367694582,24.655615254737164
16.54,25.59451393736568,26.066797795085247,24.643558922071062
16.56,25.582329812184224,26.05365859457848,24.631524890446432
16.58,25.569652761237084,26.040542715288986,24.61951310902963
16.6,25.558840722551146,26.027450106473797,24.607523527136642
16.62,25.546001669722703,26.014380717531697,24.595556094232577
16.64,25.533890772882785,26.00133449800274,24.583610759931062
16.66,25.520435770735467,25.98831139756772,24.57168747399371
16.68,25.50855093230896,25.975311366047702,24.559786186329475
16.7,25.496326266453337,25.962334353403445,24.54790684699421
16.72,25.4821552937541,25.94938030973498,24.536049406190013
16.74,25.469514563190327,25.93644918528104,24.52421381426471
16.76,25.45721524697176,25.923540930418625,24.512400021711304
16.78,25.444563296901983,25.910655495662446,24.50060797916741
16.8,25.431385521532505,25.897792831664464,24.488837637414715
16.82,25.41835408021319,25.8849528892134,24.477088947378437
16.84,25.406375450497634,25.872135619234232,24.465361860126766
16.86,25.393622507733305,25.859340972787706,24.453656326870345
16.88,25.38191290751713,25.846568901069865,24.441972298961723
16.9,25.369595944328275,25.83381935541156,24.43030972789483
16.92,25.35658060854301,25.82109228727795,24.418668565304415
16.94,25.344902627878525,25.80838764826807,24.407048762965545
16.96,25.33325189181623,25.795705390114303,24.395450272793084
16.98,25.321451815988258,25.78304546468193,24.383873046841124
17.0,25.30993990656621,25.77040782396865,24.372317037302512
17.02,25.297232707211275,25.75779242010414,24.360782196508328
17.04,25.285306346279857,25.745199205349532,24.34926847692731
17.06,25.27168618801757,25.732628132096988,24.337775831165402
17.08,25.259241443786266,25.720079152869246,24.32630421196524
17.1,25.24763681431088,25.707552220319105,24.31485357220558
17.12,25.234895560157895,25.69504728722901,24.30342386490085
17.14,25.221660469906784,25.68256430651059,24.292015043200646
17.16,25.21093006889898,25.670103231204177,24.280627060389175
17.18,25.19723237873422,25.657664014478407,24.269259869884817
17.2,25.183709791767434,25.64524660962968,24.257913425239582
17.22,25.170631795729935,25.6328509700818,24.246587680138656
17.24,25.159816791460827,25.620477049385478,24.235282588399848
17.26,25.14630945303413,25.608124801217894,24.22399810397316
17.28,25.13472715833026,25.595794179382263,24.21273418094027
17.3,25.12372773731935,25.583485137807383,24.201490773514035
17.32,25.111173353851754,25.57119763054721,24.19026783603804
17.34,25.099257691308836,25.558931611780395,24.17906532298606
17.36,25.088308177636307,25.546687035809878,24.16788318896167
17.38,25.076422315704843,25.534463857062423,24.156721388697658
17.4,25.065057865711804,25.522262030088235,24.14557987705566
17.42,25.053343689778668,25.510081509560447,24.13445860902558
17.44,25.04154919766986,25.497922250274797,24.123357539725195
17.46,25.028480357354173,25.485784207149116,24.112276624399662
17.48,25.01760739482998,25.47366733522293,24.101215818421068
17.5,25.006107866653604,25.461571589657087,24.090175077287906
17.52,24.994619022739315,25.449496925733218,24.079154356624702
17.54,24.981406033538576,25.437443298853463,24.068153612181476
17.56,24.97119708833181,25.425410664539942,24.057172799833346
17.58,24.95941372259165,25.413398978434397,24.04621187558002
17.6,24.947619353699732,25.401408196297755,24.03527079554537
17.62,24.936499387303797,25.389438274009734,24.02434951597699
17.64,24.924551511318942,25.377489167568413,24.013447993245713
17.66,24.913271109818268,25.36556083308984,24.002566183845193
17.68,24.901440873629586,25.353653226807626,23.991704044391447
17.7,24.889659694762123,25.341766305072518,23.98086153162241
17.72,24.880124241568307,25.329900024352018,23.970038602397523
17.74,24.86654908755594,25.31805434123,23.95923521369721
17.76,24.855041023902388,25.306229212406258,23.94845132262256
17.78,24.84261740817872,25.29442459469616,23.9376868863948
17.8,24.831046584106534,25.28264044503021,23.926941862354877
17.82,24.820727904741396,25.2708767204537,23.916216207963075
17.84,24.810614048713756,25.259133378126272,23.905509880798533
17.86,24.8004635136864,25.24741037532156,23.89482283855883
17.88,24.78993696868348,25.235707669426773,23.884155039059586
17.9,24.777705321934935,25.224025217942344,23.873506440233985
17.92,24.766470342250567,25.212362978481515,23.862877000132414
17.94,24.755314565432013,25.200720908769966,23.852266676921996
17.96,24.744238924692965,25.189098966645414,23.84167542888621
17.98,24.73167724242568,25.17749711005725,23.831103214424456
18.0,24.720676346712228,25.16591529706618,23.820549992051603
18.02,24.707464340770414,25.15435348584382,23.81001572039764
18.04,24.69538806982069,25.142811634672288,23.799500358207254
18.06,24.683108119588965,25.13128970194391,23.78900386433939
18.08,24.67178198029192,25.119787646160773,23.778526197766844
18.1,24.661243047811492,25.108305425934393,23.76806731757591
18.12,24.64968693744375,25.09684299998536,23.757627182965926
18.14,24.638241311716374,25.085400327142924,23.747205753248885
18.16,24.624487652652103,25.07397736634465,23.73680298784902
18.18,24.61305809979619,25.062574076636075,23.72641884630247
18.2,24.601411168449783,25.051190417170297,23.716053288256788
18.22,24.59106511522563,25.039826347207683,23.705706273470646
18.24,24.580591104650875,25.028481826115414,23.695377761813344
18.26,24.569655694485043,25.017156813367222,23.685067713264512
18.28,24.557325885154007,25.005851268542976,23.674776087913667
18.3,24.547276460214377,24.99456515132834,23.664502845959817
18.32,24.535602593903995,24.983298421514416,23.654247947711102
18.34,24.523282311215088,24.972051038997414,23.64401135358442
18.36,24.513186428852876,24.960822963778252,23.63379302410502
18.38,24.49970552954037,24.94961415596227,23.62359291990612
18.4,24.48875502742171,24.93842457575881,23.61341100172854
18.42,24.47767592976404,24.92725418348094,23.603247230420326
18.44,24.467254851038895,24.916102939545077,23.593101566936376
18.46,24.457712425604026,24.90497080447061,23.582973972338046
18.48,24.44510416777434,24.89385773887961,23.57286440779281
18.5,24.43530927452743,24.88276370349649,23.562772834573863
18.52,24.424502563956054,24.8716886591476,23.552699214059764
18.54,24.415098956925682,24.860632566760966,23.54264350773405
18.56,24.40448958760875,24.84959538736591,23.532605677184915
18.58,24.393939450483895,24.83857708209274,23.52258568410479
18.6,24.383598242168496,24.827577612172373,23.512583490290023
18.62,24.372117386743035,24.816596938936044,23.50259905764051
18.64,24.361618460727303,24.80563502381496,23.492632348159297
18.66,24.350366001913883,24.79469182833998,23.482683323952294
18.68,24.339961407510618,24.783767314141294,23.472751947227827
18.7,24.33040612553404,24.772861442948027,23.462838180296387
18.72,24.321139067865023,24.76197417658802,23.452941985570206
18.74,24.310846374600203,24.751105476987423,23.443063325562907
18.76,24.30078946146977,24.740255306170397,23.43320216288918
18.78,24.290168076231307,24.72942362625884,23.42335846026444
18.8,24.280386716268815,24.718610399471977,23.41353218050444
18.82,24.269963207100837,24.707815588126085,23.403723286524954
18.84,24.25942944124334,24.697039154634233,23.393931741341447
18.86,24.248658759121938,24.686281061505834,23.3841575080687
18.88,24.23790511634033,24.675541271346464,23.374400549920463
18.9,24.22697450906122,24.664819746857457,23.364660830209175
18.92,24.215405170690666,24.65411645083566,23.354938312345553
18.94,24.205377465492134,24.64343134617305,23.345232959838317
18.96,24.195860184750877,24.632764395856466,23.33554473629379
18.98,24.186244850338124,24.622115562967327,23.325873605415627
19.0,24.17624757042696,24.611484810681247,23.31621953100444
19.02,24.165263042342183,24.60087210226783,23.306582476957498
19.04,24.155753926595192,24.590277401090244,23.296962407268364
19.06,24.14644336607998,24.57970067060504,23.287359286026597
19.08,24.135531334947046,24.569141874361765,23.277773077417418
19.1,24.123859106798534,24.558600976002694,23.26820374572136
19.12,24.11303624130172,24.548077939262527,23.258651255313985
19.14,24.10349944425118,24.53757272796808,23.24911557066553
19.16,24.092043995561454,24.527085306037993,23.239596656340577
19.18,24.08059361642246,24.516615637482445,23.2300944769978
19.2,24.06916784149362,24.506163686402836,23.220608997389533
19.22,24.060967987514452,24.49572941699153,23.211140182361582
19.24,24.050915337472517,24.485312793531513,23.201687996852815
19.26,24.041639631856544,24.474913780396125,23.19225240589488
19.28,24.03116902142707,24.46453234204881,23.182833374611874
19.3,24.021936534234875,24.454168443042736,23.17343086822009
19.32,24.01307969206842,24.44382204802059,23.164044852027615
19.34,24.00201867103917,24.433493121714253,23.1546752914341
19.36,23.991953406091397,24.423181628944516,23.145322151930415
19.38,23.98308075870323,24.4128875346208,23.13598539909834
19.4,23.972705387510015,24.40261080374088,23.126664998610305
19.42,23.96259753031293,24.39235140139059,23.117360916228982
19.44,23.952103454226382,24.382109292743543,23.108073117807113
19.46,23.943031912155362,24.37188444306088,23.09880156928711
19.48,23.93342634360601,24.361676817690917,23.089546236700805
19.5,23.923092861827165,24.351486382068945,23.080307086169142
19.52,23.913029380644844,24.341313101716935,23.07108408390184
19.54,23.902363160266738,24.331156942243236,23.06187719619719
19.56,23.892992975886607,24.3210178693423,23.052686389441643
19.58,23.88219998567707,24.310895848794473,23.0435116301096
19.6,23.872070071633967,24.300790846465613,23.034352884763084
19.62,23.862134107370384,24.290702828306916,23.02521012005146
19.64,23.852519490847122,24.2806317603546,23.016083302711166
19.66,23.842576850631453,24.270577608729642,23.00697239956534
19.68,23.832774990646804,24.260540339637515,22.997877377523654
19.7,23.82346678151537,24.250519919367918,22.98879820358193
19.72,23.813627311002445,24.24051631429453,22.979734844821884
19.74,23.803862428922663,24.230529490874677,22.97068726841088
19.76,23.794355891607037,24.220559415649156,22.961655441601586
19.78,23.785422326519285,24.21060605524192,22.952639331731717
19.8,23.77585441628553,24.200669376359837,22.943638906223796
19.82,23.764876752315175,24.19074934579241,22.934654132584793
19.84,23.755831324655002,24.180845930411518,22.92568497840589
19.86,23.74676100997147,24.170959097171203,22.916731411362242
19.88,23.736913818715664,24.161088813107327,22.90779339921262
19.9,23.727291433224032,24.151235045337422,22.898870909799193
19.92,23.717339371698195,24.14139776106033,22.88996391104724
19.94,23.708163540524293,24.131576927556004,22.88107237096489
19.96,23.697214280793116,24.12177251218526,22.872196257642784
19.98,23.68726483595587,24.111984482389502,22.863335539253924
20.0,23.677418701708977,24.10221280569048,22.8544901840533
20.02,23.66758633803128,24.092457449690038,22.84566016037764
20.04,23.657799938076344,24.08271838206985,22.83684543664521
20.06,23.648751529422,24.072995570591193,22.82804598135545
20.08,23.639575154585707,24.063288983094694,22.81926176308877
20.1,23.628757539374398,24.053598587500083,22.8104927505063
20.12,23.619471557925195,24.043924351805927,22.801738912349567
20.14,23.610161496438124,24.03426624408943,22.793000217440273
20.16,23.600226509404727,24.024624232506113,22.78427663468004
20.18,23.59000682145014,24.014998285289675,22.775568133050125
20.2,23.58115136342289,24.00538837075165,22.76687468161119
20.22,23.57154567905931,23.99579445728122,22.75819624950299
20.24,23.561798576043202,23.98621651334499,22.749532805944202
20.26,23.55288962256421,23.976654507486682,22.7408843202321
20.28,23.54355910737849,23.96710840832698,22.73225076174231
20.3,23.53451569992687,23.957578184563214,22.72363209992859
20.32,23.52586153665492,23.948063804969184,22.71502830432255
20.34,23.51641994354711,23.9385652383949,22.7064393445334
20.36,23.507328299585353,23.929082453766306,22.697865190247715
20.38,23.498663937124128,23.91961542008515,22.689305811229175
20.4,23.48868092444912,23.910164106428653,22.68076117731831
20.42,23.479894042704153,23.9007284819493,22.672231258432273
20.44,23.469468031377634,23.89130851587466,22.66371602456458
20.46,23.459854813501565,23.88190417750707,22.65521544578487
20.48,23.45061943967685,23.872515436223495,22.646729492238634
20.5,23.44188260868199,23.863142261475225,22.63825813414702
20.52,23.43336832510483,23.853784622787696,22.62980134180656
20.54,23.42471276298094,23.844442489760237,22.62135908558892
20.56,23.415178083026525,23.835115832065863,22.612931335940697
20.58,23.406399783100415,23.825804619451027,22.60451806338313
20.6,23.39756012882542,23.81650882173542,22.596119238511893
20.62,23.389754881366965,23.807228408811728,22.58773483199686
20.64,23.38084980107869,23.797963350645425,22.579364814581847
20.66,23.37300557986024,23.78871361727454,22.57100915708441
20.68,23.363813291871118,23.77947917880943,22.56266783039556
20.7,23.354834367683786,23.770260005432586,22.55434080547958
20.72,23.345913019319113,23.761056067398393,22.546028053373757
20.74,23.3360460037245,23.751867335032912,22.53772954518816
20.76,23.328728369339007,23.742693778733674,22.52944525210542
20.78,23.319703840312965,23.733535368969445,22.521175145380486
20.8,23.31027843972043,23.724392076280036,22.512919196340402
20.82,23.30060570632025,23.715263871276065,22.504677376384084
20.84,23.29130713927635,23.706150724638732,22.49644965698207
20.86,23.282606439702107,23.697052607119666,22.488236009676317
20.88,23.27366744391755,23.68796948954064,22.480036406079968
20.9,23.263660739305788,23.678901342793406,22.471850817877126
20.92,23.25468294721264,23.669848137839445,22.46367921682264
20.94,23.24528042316704,23.660809845709807,22.455521574741844
20.96,23.236861509337647,23.651786437504853,22.4473778635304
20.98,23.22864593899306,23.64277788439409,22.439248055154
21.0,23.219609699176694,23.633784157615903,22.431132121648226
21.02,23.209383790042487,23.624805228477417,22.42303003511826
21.04,23.200585372335006,23.615841068354268,22.41494176773871
21.06,23.1923367960829,23.606891648690354,22.406867291753365
21.08,23.184431629695027,23.59795694099768,22.39880657947498
21.1,23.175965345506807,23.589036916856138,22.39075960328512
21.12,23.16831246509165,23.580131547913318,22.38272633563383
21.14,23.15974633495585,23.571240805884266,22.37470674903954
21.16,23.151547360377823,23.562364662551328,22.36670081608876
21.18,23.14301576028137,23.553503089763918,22.3587085094359
21.2,23.13297736614037,23.544656059438328,22.350729801803087
21.22,23.124946073523976,23.535823543557534,22.342764665979917
21.24,23.116424102580407,23.52700551417099,22.33481307482327
21.26,23.108045330942822,23.518201943394438,22.326875001257047
21.28,23.099362866933276,23.509412803409685,22.318950418272024
21.3,23.09206850386722,23.500638066464447,22.311039298925632
21.32,23.083370310917328,23.491877704872127,22.303141616341733
21.34,23.075245636683,23.483131691011614,22.295257343710404
21.36,23.067215480631013,23.47439999732711,22.28738645428775
21.38,23.058037265137095,23.465682596327937,22.279528921395706
21.4,23.049761338564615,23.456979460588286,22.271684718421827
21.42,23.04169847486937,23.448290562747122,22.26385381881905
21.44,23.03313719274883,23.439615875507936,22.256036196105573
21.46,23.025587739144957,23.430955371638518,22.248231823864543
21.48,23.017303645618544,23.422309023970865,22.240440675743965
21.5,23.00945211628362,23.413676805400886,22.232662725456414
21.52,23.001345704018114,23.405058688888293,22.224897946778913
21.54,22.993742212456723,23.396454647456373,22.217146313552657
21.56,22.98543334559878,23.387864654191805,22.20940779968287
21.58,22.97656612518116,23.379288682244482,22.20168237913859
21.6,22.968670274223967,23.370726704827334,22.19397002595248
21.62,22.96077647243229,23.362178695216095,22.186270714220612
21.64,22.952910449059893,23.35364462674918,22.178584418102307
21.66,22.9446996914208,23.345124472827486,22.17091111181989
21.68,22.936470525095785,23.33661820691416,22.163250769658553
21.7,22.92850654604148,23.328125802534473,22.155603365966137
21.72,22.9208202665867,23.319647233275624,22.147968875152912
21.74,22.912403693149578,23.311182472786538,22.14034727169146
21.76,22.904292261934483,23.302731494777706,22.13273853011638
21.78,22.895887976237546,23.294294273021002,22.125142625024203
21.8,22.886680799410804,23.285870781349487,22.11755953107317
21.82,22.87810939183086,23.277460993657257,22.109989222982975
21.84,22.868999963420247,23.269064883899258,22.10243167553465
21.86,22.859994388796707,23.26068242609107,22.094886863570405
21.88,22.85192322085255,23.252313594308806,22.087354761993343
21.9,22.844748482999872,23.243958362688854,22.07983534576737
21.92,22.836085474653768,23.235616705427752,22.072328589916946
21.94,22.82726606342723,23.22728859678201,22.06483446952692
21.96,22.81912805199721,23.21897401106792,22.057352959742392
21.98,22.810072612788815,23.210672922661377,22.049884035768446
22.0,22.80364390722528,23.20238530599774,22.042427672870055
22.02,22.79559736636551,23.194111135571617,22.0349838463718
22.04,22.787362013270272,23.185850385936718,22.027552531657793
22.06,22.778672621724137,23.17760303170568,22.02013370417146
22.08,22.771014852776883,23.169369047549917,22.012727339415306
22.1,22.761364904858805,23.161148408199384,22.005333412950815
22.12,22.754175840939425,23.1529410884425,21.997951900398238
22.14,22.74597668900481,23.1447470631259,21.990582777436426
22.16,22.738821331286744,23.136566307154286,21.983226019802604
22.18,22.73158417419308,23.128398795490323,21.975881603292304
22.2,22.722994635369673,23.12024450315438,21.96854950375907
22.22,22.716261329753614,23.112103405224413,21.961229697114355
22.24,22.708385428848523,23.103975476835807,21.953922159327316
22.26,22.699997196221275,23.09586069318116,21.946626866424698
22.28,22.69240204910452,23.087759029510188,21.939343794490547
22.3,22.68481035826984,23.079670461129503,21.932072919666158
22.32,22.67606829248196,23.0715949634025,21.924814218149844
22.34,22.667829369634752,23.063532511749134,21.917567666196756
22.36,22.66130432508479,23.055483081645825,21.91033324011876
22.38,22.655153346131797,23.047446648625225,21.90311091628422
22.4,22.647066420866306,23.039423188276118,21.895900671117854
22.42,22.63953696236128,23.031412676243228,21.888702481100548
22.44,22.631533557957248,23.02341508822709,21.88151632276924
22.46,22.62459718579896,23.015430399983813,21.874342172716663
22.48,22.618064602441464,23.00745858732504,21.86718000759126
22.5,22.608302571071235,22.999499626117665,21.860029804096992
22.52,22.60032343736087,22.991553492283796,21.852891538993124
22.54,22.592974575863654,22.983620161800474,21.845765189094177
22.56,22.583981498784944,22.975699610699635,21.838650731269635
22.58,22.575699111359807,22.967791815067873,21.831548142443868
22.6,22.568384507301325,22.95989675104629,21.82445739959593
22.62,22.56115589339287,22.952014394830414,21.817378479759395
22.64,22.553187529207495,22.94414472266995,21.81031136002224
22.66,22.54696071030867,22.936287710868672,21.803256017526632
22.68,22.539208066141917,22.928443335784284,21.79621242946878
22.7,22.530536886870696,22.920611573828236,21.78918057309881
22.72,22.52313009935512,22.91279240146559,21.782160425720548
22.74,22.515806421033673,22.90498579521486,21.775151964691407
22.76,22.50857805800271,22.89719173164785,21.768155167422222
22.78,22.501803576839652,22.88941018738955,21.76117001137707
22.8,22.494099293952377,22.88164113911793,21.754196474073158
22.82,22.48735168735708,22.87388456356382,21.74723453308059
22.84,22.479996403816976,22.866140437510747,21.740284166022295
22.86,22.47216234506349,22.858408737794804,21.733345350573835
22.88,22.464771235116388,22.850689441304482,21.72641806446321
22.9,22.457953833030086,22.842982524980545,21.719502285470806
22.92,22.450181786657424,22.835287965815862,21.712597991429135
22.94,22.443364902719757,22.827605740855255,21.70570516022276
22.96,22.435392048635496,22.8199358271954,21.698823769788074
22.98,22.426854463346256,22.812278201984626,21.69195379811322
23.0,22.42008784955226,22.804632842422784,21.68509522323788
23.02,22.412106762946493,22.79699972576115,21.678248023253147
23.04,22.40434970668089,22.789378829302184,21.671412176301406
23.06,22.396523785192173,22.781770130399494,21.664587660576128
23.08,22.389778269931135,22.774173606457612,21.657774454321757
23.1,22.382016595038095,22.766589234931914,21.650972535833557
23.12,22.374236943566874,22.7590169933284,21.644181883457435
23.14,22.36695880780863,22.751456859203664,21.637402475589873
23.16,22.360122850182844,22.74390881016463,21.630634290677666
23.18,22.35293293179199,22.736372823868486,21.62387730721787
23.2,22.345814883835576,22.728848878022557,21.61713150375761
23.22,22.337908744995104,22.7213369503841,21.610396858893953
23.24,22.330093485553505,22.713837018760213,21.60367335127375
23.26,22.322312097683625,22.70634906100768,21.59696095959351
23.28,22.314943389811987,22.698873055032855,21.59025966259924
23.3,22.30689475224533,22.691408978791493,21.583569439086308
23.32,22.298806718922435,22.68395681028862,21.576890267899284
23.34,22.292764945420775,22.67651652757843,21.57022212793183
23.36,22.286091815423227,22.669088108764083,21.563564998126555
23.38,22.278415338374458,22.66167153199764,21.55691885747482
23.4,22.27125239454805,22.65426677547986,21.550283685016677
23.42,22.264888356177224,22.646873817460165,21.54365945984065
23.44,22.257851540192686,22.639492636236362,21.537046161083687
23.46,22.250190267162196,22.63212321015465,21.530443767930898
23.48,22.24205678808199,22.624765517609394,21.523852259615566
23.5,22.235533045668763,22.617419537043013,21.517271615418856
23.52,22.22781398183494,22.61008524694589,21.51070181466979
23.54,22.22081875595234,22.602762625856208,21.50414283674509
23.56,22.213876608187746,22.595451652359763,21.49759466106897
23.58,22.207093806572274,22.588152305089938,21.49105726711309
23.6,22.200887229413354,22.580864562727516,21.48453063439636
23.62,22.193514625047698,22.57358840400054,21.47801474248484
23.64,22.186320251957824,22.566323807684206,21.471509570991593
23.66,22.179498749551815,22.559070752600725,21.465015099576522
23.68,22.173151863809277,22.551829217619193,21.458531307946302
23.7,22.16657860056714,22.54459918165546,21.45205817585419
23.72,22.160436573914446,22.53738062367202,21.445595683099906
23.74,22.152157452216166,22.530173522677845,21.439143809529497
23.76,22.145091040981978,22.5229778577283,21.43270253503525
23.78,22.137953961974084,22.515793607925005,21.426271839555472
23.8,22.130920131322732,22.508620752415684,21.41985170307444
23.82,22.12288805341495,22.501459270394054,21.413442105622245
23.84,22.116307701209656,22.494309141099734,21.407043027274643
23.86,22.10997464194266,22.487170343818036,21.400654448152935
23.88,22.102806841576765,22.480042857879937,21.394276348423855
23.9,22.096068559997345,22.472926662661905,21.387908708299427
23.92,22.088794087805184,22.465821737585742,21.381551508036846
23.94,22.08250039657398,22.45872806211854,21.375204727938304
23.96,22.076211442453623,22.451645615772495,21.36886834835095
23.98,22.06945585541421,22.444574378104818,21.36254234966669
24.0,22.06291244505777,22.437514328717587,21.356226712322076
24.02,22.05611637736337,22.430465447257653,21.349921416798214
24.04,22.049327634339537,22.42342771341648,21.343626443620586
24.06,22.043809773603613,22.41640110693008,21.337341773358947
24.08,22.038125725852503,22.409385607578837,21.331067386627254
24.1,22.031793992248062,22.402381195187424,21.32480326408345
24.12,22.025335879534406,22.39538784962465,21.31854938642937
24.14,22.01871078703595,22.38840555080339,21.312305734410653
24.16,22.012279104115606,22.3814342786804,21.30607228881661
24.18,22.006569240140763,22.374474013256265,21.299849030480043
24.2,21.999459812414774,22.367524734575234,21.293635940277223
24.22,21.9932784700289,22.36058642272512,21.287432999127667
24.24,21.986678084932574,22.35365905783718,21.281240187994065
24.26,21.980172661316434,22.346742620086,21.275057487882176
24.28,21.973768058443863,22.3398370896894,21.268884879840684
24.3,21.96671706293134,22.332942446908234,21.26272234496107
24.32,21.95948521571984,22.326058672046408,21.2565698643775
24.34,21.95309164355716,22.319185745450635,21.25042741926674
24.36,21.946818517741782,22.312323647510397,21.244294990847944
24.38,21.940659357658262,22.305472358657838,21.23817256038268
24.4,21.933912197030295,22.298631859367553,21.232060109174647
24.42,21.926564786851344,22.2918021301566,21.2259576185697
24.44,21.91990548069437,22.284983151584314,21.21986506995565
24.46,21.9140410053039,22.278174904252193,21.213782444762167
24.48,21.90749606888575,22.271377368803822,21.20770972446067
24.5,21.901358802718157,22.264590525924717,21.20164689056421
24.52,21.895459438151054,22.257814356342244,21.195593924627357
24.54,21.890228566466302,22.251048840825515,21.189550808246043
24.56,21.883792865223416,22.244293960185217,21.183517523057535
24.58,21.87773901581913,22.23754969527359,21.17749405074024
24.6,21.871452442589703,22.23081602698424,21.171480373013626
24.62,21.864898509300406,22.224092936252077,21.165476471638105
24.64,21.8582868252435,22.217380404053152,21.159482328414907
24.66,21.850591512766997,22.210678411404622,21.153497925185974
24.68,21.844030733398114,22.203986939364583,21.147523243833884
24.7,21.837381041279926,22.197305969031987,21.14155826628166
24.72,21.831212706206,22.1906354815465,21.13560297449273
24.74,21.824079811313876,22.18397545808844,21.129657350470783
24.76,21.818248637952387,22.177325879878666,21.12372137625967
24.78,21.810994389891917,22.17068672817841,21.117795033943267
24.8,21.804414940720818,22.164057984289236,21.111878305645423
24.82,21.797277404089023,22.15743962955291,21.105971173529774
24.84,21.79182845163833,22.150831645351303,21.100073619799677
24.86,21.78661730575597,22.144234013106235,21.094185626698128
24.88,21.78063212708289,22.137646714279462,21.08830717650758
24.9,21.774644291991688,22.13106973037248,21.08243825154991
24.92,21.768416593464085,22.12450304292649,21.076578834186236
24.94,21.76210394980697,22.11794663352221,21.070728906816896
24.96,21.75522187728407,22.111400483779885,21.064888451881263
24.98,21.74719122895443,22.104864575359077,21.059057451857676
25.0,21.740531822743613,22.098338889958622,21.05323588926334
25.02,21.73499147487025,22.091823409316497,21.04742374665418
25.04,21.728216688860293,22.08531811520973,21.041621006624776
25.06,21.72191694484146,22.078822989454324,21.03582765180826
25.08,21.715539949024897,22.072338013905092,21.030043664876178
25.1,21.707857947170993,22.065863170455593,21.024269028538388
25.12,21.701848785047346,22.05939844103805,21.018503725543006
25.14,21.69544204560085,22.052943807623222,21.0127477386762
25.16,21.68937045397598,22.046499252220272,21.00700105076223
25.18,21.6829642681379,22.040064756876735,21.001263644663208
25.2,21.67782622363043,22.033640303678382,20.99553550327907
25.22,21.671510991287427,22.027225874749107,20.989816609547475
25.24,21.664042675893242,22.020821452250853,20.984106946443653
25.26,21.657755246515457,22.014427018383493,20.978406496980348
25.28,21.652094910771947,22.008042555384744,20.9727152442077
25.3,21.645829741120284,22.001668045530074,20.967033171213128
25.32,21.639238872921027,21.995303471132566,20.96136026112129
25.34,21.633598265048757,21.988948814542866,20.955696497093903
25.36,21.627937847345997,21.982604058149064,20.95004186232967
25.38,21.622348168723903,21.976269184376605,20.94439634006421
25.4,21.61652717564983,21.96994417568816,20.938759913569942
25.42,21.61023320246255,21.963629014583585,20.933132566155958
25.44,21.60526858110587,21.957323683599775,20.927514281167948
25.46,21.599626180726965,21.951028165310582,20.921905041988133
25.48,21.594383128464134,21.94474244232675,20.91630483203509
25.5,21.588430712244964,21.938466497295757,20.910713634763713
25.52,21.582279894560873,21.932200312901777,20.905131433665105
25.54,21.57521802166086,21.92594387186558,20.89955821226646
25.56,21.569593927653894,21.919697156944355,20.89399395413101
25.58,21.56431959976444,21.913460150931773,20.888438642857857
25.6,21.55823086003296,21.907232836657712,20.882892262081953
25.62,21.552288571718222,21.901015196988332,20.877354795473963
25.64,21.547364732814096,21.894807214825832,20.871826226740158
25.66,21.541872634783648,21.888608873108463,20.86630653962236
25.68,21.536507424519687,21.8824201548104,20.86079571789779
25.7,21.530754287089813,21.876241042941626,20.855293745379065
25.72,21.52531447754144,21.870071520547874,20.849800605913984
25.74,21.518457881079904,21.86391157071053,20.844316283385528
25.76,21.51255129351074,21.857761176546525,20.838840761711715
25.78,21.507310848983195,21.851620321208234,20.833374024845558
25.8,21.501651142992774,21.845488987883428,20.8279160567749
25.82,21.49568770789413,21.839367159795145,20.822466841522388
25.84,21.49023832075543,21.833254820201617,20.81702636314533
25.86,21.484592459418284,21.82715195239617,20.81159460573564
25.88,21.477595864010834,21.821058539707128,20.806171553419723
25.9,21.4714243596051,21.81497456549776,20.80075719035837
25.92,21.466251962823186,21.808900013166138,20.795351500746744
25.94,21.46014946517744,21.802834866145076,20.78995446881418
25.96,21.455819669134986,21.79677910790206,20.784566078824145
25.98,21.450738399527335,21.790732721939115,20.77918631507419
26.0,21.444123447023415,21.784695691792752,20.773815161895776
26.02,21.438450991175102,21.778668001033864,20.76845260365425
26.04,21.4323622919144,21.77264963326762,20.76309862474871
26.06,21.426229371117085,21.76664057213344,20.757753209611973
26.08,21.420271496107958,21.760640801304838,20.752416342710408
26.1,21.414408968466905,21.754650304489374,20.747088008543916
26.12,21.408271429010593,21.748669065428544,20.741768191645793
26.14,21.401958595163045,21.742697067897723,20.736456876582686
26.16,21.396474707118806,21.736734295706043,20.73115404795446
26.18,21.390167329754195,21.73078073269635,20.72585969039415
26.2,21.384839796671763,21.72483636274507,20.72057378856785
26.22,21.379303960467293,21.718901169762166,20.715296327174627
26.24,21.372650296701877,21.712975137691018,20.71002729094644
26.26,21.367505601998968,21.707058250508364,20.70476666464805
26.28,21.36152955513882,21.701150492224215,20.699514433076935
26.3,21.3562207831022,21.695251846881742,20.69427058106324
26.32,21.350877248849418,21.689362298557224,20.68903509346958
26.34,21.34559315255816,21.683481831359956,20.683807955191106
26.36,21.339202546691833,21.67761042943214,20.6785891511553
26.38,21.333680108731038,21.671748076948848,20.673378666321955
26.4,21.32744378171735,21.6658947581179,20.66817648568307
26.42,21.32172698367607,21.660050457179803,20.66298259426274
26.44,21.3152889099147,21.65421515840764,20.657796977117126
26.46,21.31015479103309,21.648388846107036,20.65261961933432
26.48,21.304985533481823,21.642571504616026,20.64745050603432
26.5,21.299706490778966,21.63676311830501,20.642289622368864
26.52,21.294430980606254,21.630963671576648,20.63713695352142
26.54,21.28815676730503,21.62517314886578,20.631992484707094
26.56,21.282767950271303,21.619391534639373,20.62685620117248
26.58,21.276790190440618,21.61361881339642,20.621728088195667
26.6,21.271080568398897,21.6078549696678,20.61660813108611
26.62,21.26446979786128,21.602099988016366,20.611496315184556
26.64,21.25930013980276,21.596353853036657,20.606392625862963
26.66,21.253122461488147,21.590616549354937,20.601297048524412
26.68,21.24796369677603,21.58488806162915,20.596209568603044
26.7,21.242206613412804,21.57916837454872,20.59113017156395
26.72,21.237082388755933,21.57345747283457,20.58605884290312
26.74,21.23171339887153,21.567755341239003,20.580995568147376
26.76,21.225966804299524,21.56206196454564,20.575940332854223
26.78,21.219679848482688,21.55637732756932,20.570893122611835
26.8,21.214303577736594,21.55070141515603,20.565853923038958
26.82,21.20938286360354,21.545034212182866,20.560822719784824
26.84,21.204390578253193,21.539375703557887,20.555799498529076
26.86,21.198434168888387,21.533725874220075,20.55078424498168
26.88,21.19366151017408,21.52808470913927,20.545776944882874
26.9,21.187198495600924,21.522452193316067,20.54077758400304
26.92,21.18133904779081,21.516828311781758,20.535786148142712
26.94,21.17567638915432,21.51121304959824,20.53080262313238
26.96,21.17027006315449,21.50560639185795,20.52582699483251
26.98,21.165315463620374,21.50000832368378,20.520859249133434
27.0,21.160185770628477,21.49441883022901,20.51589937195527
27.02,21.155532540912162,21.488837896677243,20.510947349247832
27.04,21.150038782577553,21.483265508242283,20.506003166990595
27.06,21.14604688385583,21.477701650168118,20.501066811192565
27.08,21.14038388942834,21.472146307728824,20.496138267892263
27.1,21.134751243565695,21.466599466228466,20.49121752315757
27.12,21.130025970975307,21.461061111001058,20.486304563085753
27.14,21.12473383944869,21.455531227410464,20.481399373803313
27.16,21.118940825690373,21.450009800850363,20.476501941465905
27.18,21.11468090180128,21.444496816744092,20.47161225225833
27.2,21.11108338668932,21.438992260544687,20.46673029239439
27.22,21.105112295138536,21.433496117734702,20.461856048116886
27.24,21.09985066323438,21.42800837382621,20.456989505697457
27.26,21.095208642633576,21.422529014360713,20.452130651436583
27.28,21.090193426516088,21.41705802490903,20.447279471663464
27.3,21.085352834799085,21.41159539107128,20.44243595273597
27.32,21.0797203718664,21.406141098476773,20.43760008104054
27.34,21.075472211089885,21.400695132783962,20.432771842992167
27.36,21.070060574550542,21.395257479680346,20.427951225034263
27.38,21.06573766883796,21.38982812488241,20.42313821363862
27.4,21.060755751798023,21.384407054135558,20.418332795305318
27.42,21.05640608850615,21.378994253214056,20.413534956562685
27.44,21.050900440786943,21.37358970792093,20.40874468396719
27.46,21.045252097101752,21.3681934040879,20.403961964103367
27.48,21.03908691782484,21.362805327575334,20.3991867835838
27.5,21.03465991978957,21.357425464272165,20.394419129049002
27.52,21.030047415620192,21.352053800095803,20.389658987167344
27.54,21.02487642253539,21.3466903209921,20.384906344634995
27.56,21.019573059090796,21.341335012935243,20.38016118817587
27.58,21.013928239429056,21.33598786192771,20.375423504541548
27.6,21.00910893389334,21.330648854000202,20.370693280511166
27.62,21.004265574458092,21.32531797521155,20.365970502891404
27.64,20.999263605791043,21.31999521164868,20.36125515851637
27.66,20.99429705822392,21.3146805494265,20.35654723424761
27.68,20.989313145338397,21.309373974687894,20.35184671697389
27.7,20.983660650416134,21.304075473603593,20.347153593611292
27.72,20.97783461361082,21.29878503237213,20.34246785110305
27.74,20.973319228391652,21.29350263721978,20.33778947641947
27.76,20.96902237729019,21.28822827440049,20.333118456557955
27.78,20.96339041787086,21.282961930195803,20.328454778542813
27.8,20.9580570660761,21.277703590914797,20.323798429425306
27.82,20.952815489667447,21.272453242894013,20.319149396283503
27.84,20.948213529507985,21.2672108724974,20.31450766622222
27.86,20.94280701881142,21.26197646611624,20.30987322637301
27.88,20.93800707056672,21.256750010169057,20.305246063894028
27.9,20.93308885456772,21.251531491101616,20.30062616597
27.92,20.927805355604495,21.2463208953868,20.296013519812156
27.94,20.923206896009894,21.241118209524522,20.291408112658154
27.96,20.91795352004793,21.23592342004178,20.28680993177202
27.98,20.912986415219976,21.230736513492428,20.282218964444038
28.0,20.908254488766293,21.225557476457244,20.277635197990794
28.02,20.903327067005456,21.22038629554379,20.273058619754988
28.04,20.898537010542455,21.21522295738638,20.26848921710544
28.06,20.894317596065953,21.210067448646004,20.263926977437016
28.08,20.889460227720395,21.20491975601026,20.259371888170524
28.1,20.885218468993646,21.19977986619331,20.254823936752707
28.12,20.880676493687254,21.194647765935787,20.250283110656135
28.14,20.875473561643858,21.18952344200474,20.245749397379157
28.16,20.870883936589628,21.18440688119359,20.24122278444583
28.18,20.866098760554777,21.179298070322048,20.236703259405868
28.2,20.86157118566457,21.174196996236066,20.23219080983457
28.22,20.856970701914168,21.16910364580773,20.227685423332748
28.24,20.852307560913538,21.164018005935265,20.22318708752668
28.26,20.846929500204922,21.15894006354292,20.218695790068026
28.28,20.8429934613601,21.15386980558093,20.214211518633796
28.3,20.83821287374025,21.148807219025436,20.20973426092625
28.32,20.832774099546963,21.14375229087846,20.20526400467286
28.34,20.828475204772666,21.138705008167783,20.200800737626253
28.36,20.82371417202393,21.133665357946928,20.196344447564112
28.38,20.81876323039259,21.128633327295105,20.191895122289147
28.4,20.81414918181417,21.123608903317106,20.187452749629042
28.42,20.80877903852078,21.118592073143297,20.183017317436352
28.44,20.80417139107433,21.113582823929477,20.17858881358849
28.46,20.80010220454569,21.108581142856934,20.17416722598761
28.48,20.794357957075913,21.103587017132277,20.169752542560605
28.5,20.789836302178074,21.09860043398742,20.165344751258992
28.52,20.784577747550642,21.09362138067954,20.160943840058888
28.54,20.780208142132288,21.088649844490984,20.156549796960963
28.56,20.776519231844524,21.0836858127292,20.152162609990302
28.58,20.771528134282494,21.078729272726743,20.14778226719643
28.6,20.766124228152936,21.073780211841118,20.143408756653223
28.62,20.761337359701706,21.068838617454816,20.13904206645884
28.64,20.756150999529876,21.063904476975175,20.13468218473564
28.66,20.751846091640047,21.058977777834404,20.130329099630178
28.68,20.747101828236502,21.054058507489415,20.125982799313118
28.7,20.7418758563421,21.049146653421875,20.12164327197916
28.72,20.736633374369745,21.044242203138065,20.117310505847
28.74,20.732265952235185,21.03934514416889,20.112984489159263
28.76,20.727100971589383,21.03445546406975,20.108665210182437
28.78,20.722902022384186,21.029573150420536,20.10435265720684
28.8,20.719051078122146,21.02469819082554,20.100046818546538
28.82,20.714075887240128,21.01983057291342,20.095747682539297
28.84,20.710376365980007,21.01497028433715,20.09145523754651
28.86,20.70621458739097,21.010117312773897,20.087169471953157
28.88,20.7012294350289,21.005271645925056,20.082890374167764
28.9,20.69708096338849,21.000433271516112,20.07861793262229
28.92,20.692193946363407,20.995602177296664,20.074352135772113
28.94,20.687782368768186,20.990778351040266,20.07009297209597
28.96,20.682713345750116,20.98596178054448,20.065840430095893
28.98,20.677452099172704,20.981152453630727,20.061594498297136
29.0,20.672522865315756,20.976350358144302,20.05735516524815
29.02,20.6675400426299,20.971555481954265,20.0531224195205
29.04,20.662291232501428,20.966767812953414,20.048896249708847
29.06,20.65767558448497,20.961987339058215,20.044676644430805
29.08,20.653460997053394,20.957214048208755,20.040463592327004
29.1,20.649635527274707,20.95244792836869,20.036257082060942
29.12,20.644632999391035,20.947688967525167,20.032057102318987
29.14,20.641110099705113,20.942937153688813,20.027863641810256
29.16,20.635897858705697,20.938192474893633,20.02367668926663
29.18,20.63096398290084,20.933454919196965,20.019496233442673
29.2,20.625632602954905,20.92872447467945,20.015322263115557
29.22,20.62217961005787,20.924001129444942,20.01115476708502
29.24,20.61719909153312,20.919284871620516,20.00699373417331
29.26,20.612810119433085,20.91457568935632,20.00283915322518
29.28,20.60764712095963,20.9098735708256,19.99869101310773
29.3,20.603560825561537,20.905178504224608,19.994549302710443
29.32,20.59903003106095,20.900490477772557,19.9904140109451
29.34,20.594139742737923,20.895809479711573,19.986285126745685
29.36,20.59014946489276,20.891135498306628,19.98216263906843
29.38,20.584831374076504,20.88646852184551,19.978046536891668
29.4,20.58064944696088,20.88180853863873,19.97393680921583
29.42,20.57630321896053,20.87715553701952,19.969833445063344
29.44,20.57190955117774,20.87250950534372,19.96573643347868
29.46,20.567945698497628,20.867870431989804,19.961645763528146
29.48,20.56427714783762,20.863238305358735,19.957561424299985
29.5,20.560089059519644,20.858613113874,19.953483404904244
29.52,20.555320590602083,20.853994845981482,19.949411694472712
29.54,20.55085536962593,20.849383490149457,19.945346282158916
29.56,20.546599694063726,20.84477903486854,19.94128715713803
29.58,20.542252413277744,20.8401814686516,19.937234308606847
29.6,20.538229114118078,20.835590780033733,19.9331877257837
29.62,20.534024865025675,20.831006957572225,19.92914739790845
29.64,20.529468741602734,20.826429989846464,19.925113314242406
29.66,20.525463031653036,20.821859865457895,19.921085464068245
29.68,20.52135176755554,20.817296573030006,19.917063836690044
29.7,20.516835479662625,20.81274010120824,19.913048421433174
29.72,20.513130201805055,20.808190438659953,19.909039207644216
29.74,20.50962363998347,20.803647574074365,19.905036184690985
29.76,20.50444365567449,20.79911149616251,19.901039341962417
29.78,20.499589839352055,20.79458219365719,19.89704866886857
29.8,20.495253411845027,20.79005965531292,19.893064154840545
29.82,20.49155106249911,20.78554386990586,19.889085789330416
29.84,20.486568161685117,20.781034826233807,19.885113561811227
29.86,20.483379261972136,20.77653251311611,19.881147461776912
29.88,20.479053607897416,20.772036919393614,19.877187478742254
29.9,20.47503534075748,20.767548033928676,19.873233602242806
29.92,20.470129506915995,20.763065845605006,19.869285821834932
29.94,20.46655696980527,20.758590343327718,19.86534412709561
29.96,20.461736195584837,20.75412151602322,19.86140850762252
29.98,20.45720137611679,20.7496593526392,19.857478953033947
30.0,20.452763327809272,20.74520384214456,19.85355545296871
30.02,20.449176053648266,20.740754973529363,19.849637997086113
30.04,20.445834362626204,20.73631273580481,19.845726575065928
30.06,20.440825809898925,20.731877118003133,19.84182117660837
30.08,20.436201143872122,20.727448109177633,19.83792179143393
30.1,20.431713239646328,20.723025698402566,19.834028409283476
30.12,20.428223049527645,20.718609874773094,19.830141019918106
30.14,20.424509259321972,20.71420062740529,19.826259613119145
30.16,20.420628170072035,20.709797945436037,19.822384178688047
30.18,20.41682440534005,20.70540181802301,19.81851470644643
30.2,20.412045244977516,20.701012234344603,19.81465118623595
30.22,20.407637987644307,20.696629183599917,19.810793607918296
30.24,20.40275683128463,20.692252655008673,19.806941961375127
30.26,20.39874159571504,20.68788263781121,19.803096236508026
30.28,20.394008281812564,20.68351912126838,19.799256423238468
30.3,20.390691245155303,20.679162094661578,19.795422511507752
30.32,20.38592937705415,20.674811547292595,19.79159449127696
30.34,20.381825227563382,20.67046746848367,19.78777235252692
30.36,20.37795214264596,20.666129847577373,19.783956085258158
30.38,20.37252831098743,20.66179867393662,19.780145679490825
30.4,20.368168895405393,20.65747393694456,19.77634112526472
30.42,20.364782412962416,20.653155626004562,19.772542412639133
30.44,20.360293770225642,20.648843730540186,19.7687495316929
30.46,20.35649483329376,20.64453823999513,19.76496247252433
30.48,20.351490761266284,20.64023914383312,19.76118122525112
30.5,20.34707823513483,20.635946431538,19.757405780010362
30.52,20.343045989260414,20.63166009261351,19.75363612695846
30.54,20.338998549777546,20.62738011658341,19.749872256271097
30.56,20.335386413464416,20.623106492991326,19.74611415814321
30.58,20.331449422763573,20.618839211400736,19.74236182278892
30.6,20.32635527085812,20.614578261394946,19.73861524044146
30.62,20.32171899744692,20.610323632577014,19.734874401353228
30.64,20.317715283192083,20.606075314569708,19.73113929579561
30.66,20.31313272903803,20.601833297015503,19.727409914059074
30.68,20.308188903647103,20.59759756957646,19.72368624645298
30.7,20.305192284847806,20.59336812193427,19.719968283305676
30.72,20.301774516269763,20.58914494379013,19.716256014964355
30.74,20.297497532477706,20.58492802486475,19.71254943179505
30.76,20.293386334862856,20.580717354898304,19.708848524182574
30.78,20.289245249729476,20.57651292365034,19.705153282530524
30.8,20.284744934683594,20.572314720899808,19.70146369726116
30.82,20.281382895244455,20.56812273644497,19.69777975881543
30.84,20.27581063610166,20.56393696010336,19.69410145765287
30.86,20.272085599699675,20.55975738171173,19.69042878425163
30.88,20.26898584942938,20.55558399112606,19.686761729108355
30.9,20.26535979842862,20.551416778221455,19.683100282738177
30.92,20.260830641248628,20.547255732892125,19.679444435674686
30.94,20.257293926286792,20.543100845051345,19.67579417846989
30.96,20.25347886539083,20.5389521046314,19.67214950169412
30.98,20.25006415115142,20.53480950158358,19.668510395936053
31.0,20.246355709073043,20.53067302587808,19.664876851802607
31.02,20.24272732166204,20.526542667503993,19.661248859918953
31.04,20.239778721839688,20.52241841646925,19.657626410928458
31.06,20.235815142313335,20.51830026280061,19.654009495492616
31.08,20.231840988560027,20.514188196543586,19.650398104291053
31.1,20.22793512587656,20.51008220776241,19.64679222802141
31.12,20.22421150329447,20.505982286539982,19.64319185739941
31.14,20.22086966009525,20.50188842297787,19.63959698315871
31.16,20.216951924267136,20.49780060719622,19.636007596050927
31.18,20.213429527501066,20.493718829333726,19.63242368684556
31.2,20.20919853748403,20.489643079547605,19.628845246329984
31.22,20.205547557207943,20.48557334801353,19.62527226530936
31.24,20.200919715418255,20.481509624925643,19.621704734606645
31.26,20.196383145651954,20.47745190049643,19.618142645062534
31.28,20.193014017824925,20.47340016495675,19.614585987535378
31.3,20.18935272285705,20.469354408555752,19.611034752901222
31.32,20.186221438521766,20.465314621560868,19.6074889320537
31.34,20.18236161738321,20.461280794257767,19.603948515904
31.36,20.178065893635875,20.45725291695025,19.600413495380877
31.38,20.173682254222555,20.453230979960324,19.596883861430538
31.4,20.169649189162875,20.44921497362806,19.593359605016648
31.42,20.166425687812424,20.445204888311597,19.589840717120317
31.44,20.162679962258668,20.441200714387122,19.58632718873996
31.46,20.158512751499252,20.437202442248775,19.582819010891384
31.48,20.15331662150123,20.433210062308653,19.57931617460764
31.5,20.149747117502034,20.42922356499677,19.57581867093905
31.52,20.145217107849998,20.425242940760967,19.57232649095315
31.54,20.141269967787185,20.421268180066928,19.56883962573462
31.56,20.13683420495733,20.417299273398136,19.56535806638532
31.58,20.132907715932483,20.4133362112558,19.56188180402413
31.6,20.129522438235565,20.409378984158845,19.558410829787064
31.62,20.12475756881589,20.405427582643846,19.5549451348271
31.64,20.12037457102654,20.401481997265023,19.551484710314202
31.66,20.11626813387821,20.397542218594182,19.548029547435277
31.68,20.112135462221783,20.393608237220658,19.54457963739413
31.7,20.109335145844888,20.38968004375133,19.541134971411413
31.72,20.106145276948585,20.385757628810502,19.537695540724606
31.74,20.10241796217554,20.381840983039957,19.53426133658799
31.76,20.099291282295674,20.37793009709885,19.530832350272565
31.78,20.095170338547508,20.374024961663693,19.527408573066058
31.8,20.09176092636972,20.370125567428296,19.523989996272842
31.82,20.08872581073899,20.366231905103813,19.520576611213937
31.84,20.084665468630558,20.36234396541856,19.517168409226954
31.86,20.080537388705665,20.3584617391181,19.51376538166605
31.88,20.076784590593537,20.35458521696515,19.510367519901937
31.9,20.07275679282519,20.35071438973956,19.506974815321755
31.92,20.06980149946149,20.34684924823827,19.5035872593291
31.94,20.066130360134387,20.342989783275254,19.500204843344015
31.96,20.063300228498775,20.33913598568154,19.496827558802845
31.98,20.059993223844195,20.335287846305082,19.493455397158325
32.0,20.05620937480929,20.331445356010807,19.490088349879453
32.02,20.0527034339931,20.327608505680548,19.486726408451492
32.04,20.048885456537775,20.32377728621298,19.48336956437593
32.06,20.04518001244127,20.319951688523627,19.480017809170434
32.08,20.04128160499373,20.31613170354478,19.47667113436882
32.1,20.03736952631892,20.312317322225525,19.473329531521017
32.12,20.03361802297494,20.30850853553162,19.469992992193017
32.14,20.029031541238357,20.30470533444554,19.466661507966883
32.16,20.024384406903756,20.300907709966385,19.46333507044063
32.18,20.021215654471483,20.297115653109874,19.460013671228296
32.2,20.017914510719294,20.293329154908285,19.45669730195978
32.22,20.014634156160376,20.28954820641045,19.453385954280954
32.24,20.011337089387887,20.28577279868168,19.450079619853497
32.26,20.0080664902882,20.282002922803755,19.446778290354917
32.28,20.004363120162715,20.278238569874908,19.443481957478514
32.3,20.000968815959826,20.274479731009727,19.44019061293336
32.32,19.99758767739134,20.27072639733918,19.436904248444204
32.34,19.994427356899962,20.266978560010543,19.43362285575152
32.36,19.99001668079504,20.26323621018737,19.430346426611383
32.38,19.986390191019872,20.259499339049487,19.427074952795518
32.4,19.983009630837408,20.255767937792932,19.423808426091192
32.42,19.97975276759903,20.252041997629878,19.420546838301245
32.44,19.97694985625569,20.248321509788706,19.417290181244013
32.46,19.972788825148093,20.244606465513854,19.414038446753267
32.48,19.96901675825152,20.240896856065856,19.41079162667828
32.5,19.965594463954965,20.237192672721296,19.40754971288368
32.52,19.962578035334335,20.233493906772715,19.40431269724947
32.54,19.9588257293385,20.229800549528676,19.401080571671
32.56,19.9552759115171,20.22611259231365,19.397853328058904
32.58,19.952391756810574,20.222430026467993,19.394630958339096
32.6,19.94974213641726,20.218752843347954,19.3914134544527
32.62,19.947186560305763,20.215081034325603,19.388200808356068
32.64,19.9433374510289,20.21141459078881,19.384993012020672
32.66,19.93985461346949,20.20775350414118,19.381790057433165
32.68,19.936299719640036,20.20409776580207,19.378591936595246
32.7,19.932854045425714,20.20044736720654,19.375398641523702
32.72,19.929115316443017,20.1968022998053,19.372210164250358
32.74,19.92617534982703,20.193162555064657,19.36902649682199
32.76,19.9221941692515,20.189528124466555,19.365847631300397
32.78,19.918547771946525,20.18589899950847,19.362673559762257
32.8,19.91492402014691,20.18227517170341,19.359504274299155
32.82,19.911303976633505,20.178656632579873,19.356339767017555
32.84,19.907362974673365,20.175043373681817,19.353180030038732
32.86,19.903990842889907,20.17143538656861,19.350025055498765
32.88,19.900671169350357,20.167832662815034,19.346874835548483
32.9,19.897168628471057,20.16423519401122,19.343729362353468
32.92,19.893753950174798,20.160642971762627,19.340588628093982
32.94,19.890957744493875,20.15705598768999,19.33745262496495
32.96,19.88780417815782,20.15347423342932,19.334321345175955
32.98,19.884150156107737,20.14989770063184,19.33119478095115
33.0,19.880871597836393,20.14632638096398,19.328072924529273
33.02,19.87742974315836,20.142760266107334,19.324955768163584
33.04,19.8739546465833,20.139199347758606,19.32184330412187
33.06,19.8704494216765,20.1356436176296,19.318735524686357
33.08,19.866222565338276,20.132093067447208,19.315632422153755
33.1,19.862675627333505,20.12854768895331,19.312533988835128
33.12,19.859003808493014,20.125007473904827,19.309440217055958
33.14,19.85552778821135,20.121472414073615,19.306351099156057
33.16,19.85269211286648,20.117942501246485,19.303266627489542
33.18,19.849938224323022,20.11441772722514,19.300186794424814
33.2,19.846406249609657,20.110898083826157,19.297111592344542
33.22,19.84334289850029,20.10738356288095,19.294041013645582
33.24,19.840213345251463,20.10387415623575,19.29097505073901
33.26,19.836628484323693,20.100369855751534,19.287913696050037
33.28,19.833404143415333,20.09687065330405,19.284856942017992
33.3,19.83033246457109,20.093376540783762,19.281804781096323
33.32,19.826653335145956,20.089887510095807,19.27875720575251
33.34,19.823682316654978,20.086403553159947,19.275714208468084
33.36,19.821202844864263,20.082924661910592,19.272675781738585
33.38,19.818255561819807,20.079450828296736,19.269641918073493
33.4,19.815011878228,20.07598204428192,19.266612609996262
33.42,19.81157202677328,20.07251830184422,19.263587850044235
33.44,19.808150177061297,20.069059592976174,19.26056763076861
33.46,19.804727409579662,20.06560590968484,19.257551944734505
33.48,19.80094878154721,20.062157243991678,19.254540784520785
33.5,19.797428196963676,20.05871358793251,19.251534142720118
33.52,19.79423651913682,20.055274933557598,19.248532011938956
33.54,19.790665726041137,20.05184127293151,19.245534384797455
33.56,19.78822100159436,20.048412598133122,19.242541253929474
33.58,19.785057682717742,20.044988901255586,19.23955261198254
33.6,19.7807024503273,20.04157017440633,19.236568451617824
33.62,19.777298936832832,20.038156409706964,19.233588765510078
33.64,19.773844353993237,20.03474759929332,19.230613546347676
33.66,19.770629025711017,20.03134373531537,19.227642786832494
33.68,19.767356273142855,20.027944809937225,19.224676479679964
33.7,19.76462324105656,20.024550815337065,19.221714617618986
33.72,19.761331477990392,20.02116174370719,19.218757193391927
33.74,19.758119249594262,20.017777587253885,19.215804199754572
33.76,19.755456495732417,20.0143983381975,19.21285562947613
33.78,19.752562220158353,20.011023988772312,19.20991147533918
33.8,19.749592383421938,20.00765453122658,19.20697173013961
33.82,19.746620125728477,20.004289957822476,19.204036386686678
33.84,19.74290112189667,20.000930260836068,19.201105437802873
33.86,19.740071721509896,19.99757543255726,19.198178876323976
33.88,19.73729705570609,19.99422546528982,19.195256695098973
33.9,19.734044007805405,19.990880351351322,19.19233888699007
33.92,19.731287326380013,19.987540083073085,19.189425444872622
33.94,19.728604543684124,19.984204652800194,19.186516361635146
33.96,19.725447318379857,19.980874052891448,19.18361163017927
33.98,19.72237617727641,19.977548275719325,19.18071124341967
34.0,19.719496492723664,19.974227313669957,19.177815194284133
34.02,19.71607079102093,19.97091115914315,19.174923475713445
34.04,19.71302382621313,19.96759980455225,19.1720360806614
34.06,19.70988983790479,19.9642932423242,19.169153002094745
34.08,19.70594473504672,19.960991464899507,19.1662742329932
34.1,19.702862170395772,19.957694464732157,19.16339976634938
34.12,19.699709153109907,19.954402234289667,19.160529595168796
34.14,19.697110955101113,19.95111476605297,19.157663712469823
34.16,19.69426621243599,19.947832052516453,19.15480211128366
34.18,19.691854972875458,19.944554086187903,19.151944784654326
34.2,19.688969446346206,19.941280859588478,19.149091725638584
34.22,19.686782417686306,19.93801236525269,19.146242927305977
34.24,19.683209733845274,19.934748595728333,19.143398382738773
34.26,19.680602891163616,19.931489543576568,19.140558085031905
34.28,19.677170163967496,19.928235201371734,19.13772202729301
34.3,19.674810572216494,19.924985561701448,19.13489020264233
34.32,19.671304059229644,19.92174061716654,19.132062604212756
34.34,19.66838288000116,19.918500360381007,19.129239225149743
34.36,19.665854692352177,19.915264783972,19.12642005861128
34.38,19.663810863589017,19.912033880579774,19.123605097767953
34.4,19.661098068447995,19.90880764285773,19.120794335802792
34.42,19.658714250548478,19.90558606347228,19.117987765911334
34.44,19.656532586373864,19.902369135102933,19.11518538130156
34.46,19.653898080016326,19.899156850442168,19.1123871751939
34.48,19.65060904781889,19.895949202195485,19.109593140821136
34.5,19.64685936328317,19.892746183081325,19.10680327142844
34.52,19.643784623437334,19.889547785831077,19.10401756027337
34.54,19.641019909855615,19.88635400318902,19.101236000625722
34.56,19.637659683838347,19.88316482791234,19.098458585767673
34.58,19.634458506988107,19.87998025277104,19.09568530899358
34.6,19.63188754312971,19.876800270547985,19.092916163610116
34.62,19.628270925717782,19.87362487403881,19.090151142936115
34.64,19.62536689242795,19.87045405605195,19.08739024030262
34.66,19.621740859187163,19.867287809408573,19.08463344905283
34.68,19.618998510638967,19.864126126942566,19.0818807625421
34.7,19.616002913436404,19.860969001500514,19.079132174137854
34.72,19.613463798417918,19.857816425941664,19.076387677219625
34.74,19.61094658239138,19.854668393137924,19.073647265179012
34.76,19.608142631588844,19.851524895973785,19.070910931419633
34.78,19.605735652069576,19.84838592734635,19.06817866935711
34.8,19.60219566063395,19.845251480165278,19.065450472419048
34.82,19.599105876021518,19.842121547352768,19.062726334045024
34.84,19.59666184161801,19.838996121843532,19.060006247686523
34.86,19.593119923514983,19.83587519658475,19.05729020680694
34.88,19.589869546659173,19.832758764536095,19.054578204881558
34.9,19.587682506193534,19.829646818669637,19.0518702353975
34.92,19.58415617072923,19.82653935196987,19.049166291853737
34.94,19.581287594749057,19.82343635743367,19.04646636776105
34.96,19.579316467251907,19.820337828070272,19.043770456641948
34.98,19.57666412129011,19.817243756901238,19.041078552030754
35.0,19.57332227705752,19.814154136960425,19.038390647473484
35.02,19.57047669097245,19.811068961294012,19.035706736527878
35.04,19.567144857180715,19.80798822296037,19.033026812763342
35.06,19.563983072669014,19.80491191503015,19.03035086976094
35.08,19.560815457333838,19.80184003058619,19.027678901113358
35.1,19.557861186496865,19.798772562723496,19.02501090042492
35.12,19.554277432166817,19.795709504549247,19.02234686131149
35.14,19.55185310754466,19.79265084918273,19.019686777400516
35.16,19.548959048641294,19.789596589755376,19.017030642330948
35.18,19.546233881124575,19.786546719410648,19.014378449753284
35.2,19.543456866708826,19.783501231304086,19.011730193329466
35.22,19.540431467493487,19.780460118603266,19.009085866732928
35.24,19.536688515570418,19.777423374487753,19.006445463648504
35.26,19.533971432348483,19.77439099214911,19.003808977772483
35.28,19.531457879352732,19.77136296479084,19.001176402812504
35.3,19.528401762785684,19.768339285628382,18.998547732487573
35.32,19.52576394594394,19.765319947889083,18.995922960528056
35.34,19.523246687922327,19.762304944812183,18.993302080675612
35.36,19.520703531209875,19.75929426964875,18.99068508668319
35.38,19.51829292589866,19.756287915661716,18.98807197231503
35.4,19.515795876455428,19.753285876125826,18.985462731346605
35.42,19.513712298101215,19.75028814432758,18.98285735756458
35.44,19.510225887780955,19.747294713565253,18.980255844766855
35.46,19.50705793970539,19.744305577148868,18.97765818676249
35.48,19.504647571677523,19.74132072840015,18.975064377371677
35.5,19.5018585297207,19.738340160652516,18.97247441042576
35.52,19.498766224297494,19.735363867251056,18.969888279767165
35.54,19.49563317413407,19.732391841552484,18.96730597924943
35.56,19.492278525739493,19.72942407692515,18.964727502737095
35.58,19.48943294193199,19.72646056674898,18.962152844105784
35.6,19.48635257660165,19.723501304415482,18.959581997242086
35.62,19.484026438456095,19.720546283327728,18.957014956043626
35.64,19.481600383068795,19.71759549690027,18.95445171441896
35.66,19.478375183946735,19.714648938559197,18.951892266287576
35.68,19.475519751097814,19.711706601742055,18.949336605579923
35.7,19.47345073678837,19.708768479897856,18.9467847262373
35.72,19.47036611272918,19.705834566487034,18.94423662221189
35.74,19.46703587533822,19.702904854981433,18.941692287466754
35.76,19.464352920804416,19.699979338864278,18.93915171597573
35.78,19.461398505651324,19.697058011630155,18.936614901723516
35.8,19.45826540593997,19.69414086678498,18.93408183870554
35.82,19.45508584412452,19.691227897845998,18.931552520928022
35.84,19.451887827117844,19.688319098341733,18.929026942407916
35.86,19.449192507153306,19.68541446181198,18.926505097172882
35.88,19.446873976604255,19.68251398180779,18.923986979261258
35.9,19.44444738868822,19.679617651891416,18.92147258272209
35.92,19.442365394206657,19.676725465636324,18.91896190161503
35.94,19.43980268069,19.67383741662715,18.916454930010385
35.96,19.436980626077663,19.670953498459703,18.913951661989053
35.98,19.434609718781523,19.668073704740898,18.91145209164253
36.0,19.43159578085167,19.665198029088778,18.908956213072837
36.02,19.429124529143483,19.662326465132463,18.906464020392562
36.04,19.426393764911648,19.65945900651214,18.9039755077248
36.06,19.423072642795745,19.656595646879047,18.90149066920314
36.08,19.42057380258138,19.653736379895417,18.899009498971633
36.1,19.417606238844684,19.650881199234515,18.8965319911848
36.12,19.414617521128662,19.64803009858055,18.894058140007566
36.14,19.412470636039068,19.645183071628708,18.891587939615285
36.16,19.409225512583358,19.64234011208509,18.889121384193697
36.18,19.40681570640358,19.6395012136667,18.886658467938872
36.2,19.40490456941979,19.636666370101462,18.88419918505728
36.22,19.40142618340233,19.633835575128124,18.88174352976566
36.24,19.398633384390454,19.63100882249631,18.879291496291046
36.26,19.395714079737303,19.628186105966442,18.876843078870817
36.28,19.393519625671676,19.625367419309764,18.874398271752543
36.3,19.390495922832194,19.622552756308277,18.871957069194064
36.32,19.38748318827128,19.61974211075474,18.86951946546341
36.34,19.38524413337217,19.616935476452657,18.86708545483883
36.36,19.381890694775787,19.614132847216247,18.86465503160872
36.38,19.379624809644177,19.611334216870404,18.862228190071665
36.4,19.376848577761155,19.60853957925071,18.859804924536334
36.42,19.374369247541992,19.605748928203386,18.857385229321533
36.44,19.371355337652233,19.602962257585272,18.854969098756165
36.46,19.368951900371815,19.600179561263836,18.85255652717918
36.48,19.366504471282312,19.597400833117103,18.850147508939585
36.5,19.363114755159707,19.594626067033676,18.84774203839642
36.52,19.360531726170624,19.591855256912734,18.84534010991872
36.54,19.358290126134012,19.5890883966639,18.84294171788551
36.56,19.355930874842006,19.58632548020736,18.840546856685783
36.58,19.353071270229687,19.583566501473747,18.83815552071846
36.6,19.35050404928556,19.58081145440418,18.835767704392428
36.62,19.34831943232852,19.57806033295018,18.833383402126422
36.64,19.345641734839283,19.57531313107372,18.831002608349102
36.66,19.343256518685504,19.572569842747146,18.828625317498968
36.68,19.340980618428503,19.569830461953174,18.826251524024382
36.7,19.337955724291998,19.567094982684893,18.823881222383523
36.72,19.33481687363601,19.56436339894571,18.82151440704436
36.74,19.331892793749244,19.56163570474934,18.81915107248465
36.76,19.328321702156096,19.55891189411983,18.816791213191912
36.78,19.32562091727528,19.556191961091436,18.814434823663426
36.8,19.322376588713386,19.55347589970872,18.812081898406174
36.82,19.320166534375666,19.550763704026437,18.809732431936848
36.84,19.317625725545458,19.54805536810958,18.8073864187818
36.86,19.315679582096216,19.545350886033294,18.805043853477105
36.88,19.312881041915475,19.54265025188294,18.802704730568404
36.9,19.310300051485026,19.539953459753995,18.800369044611013
36.92,19.307125087262037,19.53726050375209,18.798036790169853
36.94,19.304870123866266,19.534571377992936,18.7957079618194
36.96,19.302482213470565,19.531886076602355,18.793382554143715
36.98,19.300022929788433,19.529204593716234,18.7910605617364
37.0,19.29775488856937,19.526526923480493,18.788741979200573
37.02,19.29504160688708,19.5238530600511,18.786426801148878
37.04,19.29271399013015,19.521182997594032,18.784115022203427
37.06,19.290158552483064,19.51851673028525,18.781806636995817
37.08,19.287697506678597,19.515854252310657,18.779501640167073
37.1,19.28502665704091,19.513195557866155,18.777200026367673
37.12,19.28315702573688,19.510540641157544,18.77490179025749
37.14,19.280415884896275,19.507889496400544,18.772606926505773
37.16,19.278395303201965,19.505242117820753,18.77031542979117
37.18,19.27608324369901,19.502598499653672,18.76802729480171
37.2,19.274294502314255,19.499958636144623,18.76574251623465
37.22,19.27208356839782,19.497322521548746,18.763461088796678
37.24,19.26920985294055,19.49469015013104,18.761183007203712
37.26,19.266748583715252,19.492061516166252,18.758908266180967
37.28,19.264185499464368,19.48943661393895,18.756636860462905
37.3,19.261246619265297,19.486815437743402,18.754368784793257
37.32,19.258683555529583,19.48419798188365,18.75210403392494
37.34,19.256581199800838,19.48158424067345,18.749842602620078
37.36,19.25398792256828,19.478974208436227,18.747584485650002
37.38,19.25224434721762,19.476367879505126,18.745329677795183
37.4,19.249801087182743,19.473765248222897,18.743078173845266
37.42,19.247392766154757,19.471166308941967,18.74082996859898
37.44,19.245492488439425,19.468571056024384,18.738585056864206
37.46,19.242928437541213,19.46597948384178,18.73634343345789
37.48,19.240587853406055,19.46339158677538,18.73410509320607
37.5,19.237594564806816,19.460807359215966,18.731870030943835
37.52,19.234901650974187,19.458226795563885,18.729638241515275
37.54,19.231768883986376,19.45564989022897,18.72740971977354
37.56,19.229540867152103,19.453076637630602,18.725184460580774
37.58,19.227849697526146,19.450507032197628,18.72296245880808
37.6,19.22598489790563,19.447941068368365,18.720743709335544
37.62,19.22370172953347,19.445378740590613,18.718528207052184
37.64,19.221340802431712,19.44282004332154,18.71631594685597
37.66,19.21930710574713,19.4402649710278,18.714106923653745
37.68,19.217079433499052,19.4377135181854,18.711901132361255
37.7,19.214616188133842,19.43516567927974,18.709698567903132
37.72,19.211985704011454,19.432621448805563,18.70749922521287
37.74,19.20998500188521,19.430080821266973,18.70530309923278
37.76,19.207907400741554,19.42754379117737,18.703110184913992
37.78,19.205999703444544,19.425010353059516,18.70092047721645
37.8,19.203835115986156,19.42248050144536,18.698733971108876
37.82,19.200760772730526,19.41995423087623,18.69655066156878
37.84,19.198280512914586,19.417431535902622,18.694370543582384
37.86,19.195289473266858,19.4149124110843,18.692193612144663
37.88,19.193256644465347,19.412396850990223,18.690019862259305
37.9,19.191606837183716,19.40988485019858,18.6878492889387
37.92,19.189118028365744,19.407376403296695,18.68568188720391
37.94,19.18670670252254,19.40487150488107,18.68351765208464
37.96,19.184437983749426,19.40237014955736,18.681356578619287
37.98,19.18179543244266,19.399872331940315,18.67919866185483
38.0,19.17939501433617,19.39737804665383,18.677043896846886
38.02,19.177562629985697,19.394887288330853,18.67489227865964
38.04,19.174116035988444,19.39240005161341,18.67274380236588
38.06,19.170978436099713,19.389916331152605,18.67059846304693
38.08,19.169248200021546,19.387436121608555,18.668456255792666
38.1,19.166830102644237,19.384959417650386,18.666317175701497
38.12,19.16434039374742,19.38248621395624,18.664181217880312
38.14,19.161841914048093,19.38001650521325,18.662048377444517
38.16,19.158705991398225,19.377550286117486,18.65991864951797
38.18,19.15626346909399,19.37508755137399,18.657792029233015
38.2,19.154148248395945,19.372628295696735,18.655668511730397
38.22,19.15192024678845,19.370172513808566,18.653548092159312
38.24,19.149189781866358,19.3677202004413,18.651430765677357
38.26,19.147201206818995,19.365271350335554,18.649316527450512
38.28,19.145287350769404,19.362825958240844,18.647205372653126
38.3,19.143260521607665,19.36038401891555,18.64509729646792
38.32,19.141221321692633,19.357945527126827,18.642992294085932
38.34,19.139259863641193,19.355510477650675,18.640890360706535
38.36,19.136376910150066,19.35307886527188,18.63879149153741
38.38,19.13380388184921,19.35065068478401,18.636695681794542
38.4,19.131190987463896,19.348225930989372,18.634602926702147
38.42,19.12923027021513,19.345804598699026,18.632513221492726
38.44,19.126481876821554,19.343386682732763,18.630426561407027
38.46,19.124448367603378,19.34097217791907,18.628342941694
38.48,19.121924518780396,19.33856107909514,18.62626235761082
38.5,19.119754464456022,19.33615338110682,18.624184804422846
38.52,19.117244445884992,19.333749078808626,18.62211027740362
38.54,19.115098418386747,19.33134816706372,18.620038771834817
38.56,19.112450650822346,19.32895064074386,18.617970283006287
38.58,19.10982792061619,19.326556494729463,18.615904806215987
38.6,19.10777227675141,19.32416572390948,18.61384233676999
38.62,19.105031279933826,19.321778323181476,18.61178286998246
38.64,19.1027000479751,19.319394287451555,18.609726401175653
38.66,19.100186224741577,19.317013611634362,18.607672925679875
38.68,19.097599899740167,19.314636290653073,18.605622438833457
38.7,19.095087399799418,19.312262319439384,18.60357493598282
38.72,19.092752709499525,19.309891692933437,18.601530412482333
38.74,19.091168293538313,19.307524406083896,18.599488863694397
38.76,19.089030893929266,19.30516045384788,18.59745028498942
38.78,19.08755971743667,19.30279983119092,18.595414671745715
38.8,19.08476093937545,19.300442533087008,18.593382019349598
38.82,19.082921343122504,19.29808855451852,18.591352323195313
38.84,19.081046533042674,19.295737890476243,18.589325578684992
38.86,19.0787485269134,19.293390535959336,18.587301781228707
38.88,19.07590994128332,19.29104648597531,18.585280926244412
38.9,19.073606145566373,19.28870573554004,18.583263009157925
38.92,19.070555665368506,19.286368279677724,18.58124802540292
38.94,19.067977525188194,19.284034113420866,18.579235970420925
38.96,19.065438080384208,19.281703231810273,18.57722683966129
38.98,19.06354244517062,19.279375629895025,18.575220628581167
39.0,19.061278224434925,19.27705130273251,18.573217332645527
39.02,19.059089893208846,19.2747302453883,18.571216947327102
39.04,19.056715406977496,19.272412452936248,18.569219468106386
39.06,19.054451910209565,19.270097920458408,18.567224890471653
39.08,19.052516468973952,19.267786643045053,18.565233209918862
39.1,19.05049710556485,19.26547861579462,18.56324442195176
39.12,19.047858398292714,19.263173833813727,18.561258522081737
39.14,19.045572056820568,19.26087229221717,18.5592755058279
39.16,19.043047487106744,19.25857398612784,18.55729536871703
39.18,19.04092248359904,19.256278910676773,18.55531810628356
39.2,19.03907784482162,19.25398706100315,18.55334371406958
39.22,19.03695485098263,19.2516984322542,18.55137218762479
39.24,19.03478885669546,19.249413019585234,18.549403522506534
39.26,19.031853239687177,19.247130818159636,18.54743771427971
39.28,19.029387445182007,19.24485182314885,18.54547475851686
39.3,19.026597922551158,19.242576029732337,18.543514650798052
39.32,19.024668341167267,19.240303433097584,18.54155738671092
39.34,19.023138518466453,19.238034028440048,18.539602961850644
39.36,19.021555268185498,19.23576781096323,18.537651371819926
39.38,19.01952038121064,19.233504775878533,18.535702612228974
39.4,19.01714709046283,19.23124491840538,18.533756678695504
39.42,19.015114954883806,19.228988233771098,18.531813566844715
39.44,19.012768535951935,19.226734717210945,18.529873272309246
39.46,19.010859475434685,19.22448436396809,18.527935790729213
39.48,19.00840951168772,19.222237169293596,18.526001117752187
39.5,19.00629775490021,19.219993128446422,18.52406924903311
39.52,19.004143707318672,19.217752236693375,18.52214018023438
39.54,19.0021031489493,19.215514489309125,18.520213907025777
39.56,19.00019418553442,19.213279881576145,18.518290425084434
39.58,18.99812172954118,19.21104840878478,18.516369730094908
39.6,18.995440235459153,19.208820066233145,18.51445181774905
39.62,18.993467912240114,19.206594849227148,18.51253668374607
39.64,18.991545523579028,19.204372753080506,18.510624323792502
39.66,18.989263223113912,19.202153773114635,18.508714733602197
39.68,18.987402211544893,19.199937904658764,18.506807908896292
39.7,18.985169825060012,19.197725143049805,18.50490384540319
39.72,18.983298880566196,19.195515483632438,18.503002538858585
39.74,18.98146260072363,19.193308921758973,18.501103985005408
39.76,18.979727195237825,19.191105452789472,18.499208179593836
39.78,18.97741202834064,19.188905072091654,18.49731511838127
39.8,18.975566037866113,19.186707775040883,18.495424797132298
39.82,18.973281546667486,19.184513557020182,18.493537211618747
39.84,18.971058664159276,19.182322413420195,18.49165235761958
39.86,18.969037195409516,19.180134339639174,18.48977023092096
39.88,18.968139597630735,19.17794933108301,18.4878908273162
39.9,18.966700309394124,19.175767383165145,18.48601414260573
39.92,18.96471067635282,19.173588491306596,18.484140172597137
39.94,18.962853666041372,19.171412650935945,18.482268913105102
39.96,18.96042819380913,19.16923985748932,18.480400359951414
39.98,18.958956157303078,19.16707010641038,18.478534508964934
40.0,18.956921166445188,19.164903393150304,18.476671355981615
40.02,18.9554420040909,19.16273971316776,18.47481089684445
40.04,18.95345694577099,19.160579061928914,18.472953127403482
40.06,18.951650728182457,19.158421434907382,18.471098043515795
40.08,18.949198623044055,19.156266827584282,18.46924564104547
40.1,18.947272970221803,19.154115235448142,18.467395915863598
40.12,18.944719924088517,19.151966653994933,18.465548863848266
40.14,18.942053446849535,19.14982107872803,18.46370448088455
40.16,18.940052478082272,19.14767850515826,18.46186276286446
40.18,18.938013300546615,19.14553892880376,18.460023705686975
40.2,18.936105815153294,19.1434023451901,18.458187305257997
40.22,18.934298493230468,19.141268749850212,18.456353557490374
40.24,18.93191373689525,19.139138138324338,18.454522458303813
40.26,18.93008363029637,19.137010506160088,18.452694003624995
40.28,18.928180724264205,19.13488584891238,18.45086818938742
40.3,18.926709841798854,19.132764162143435,18.44904501153148
40.32,18.92483217497894,19.130645441422764,18.44722446600443
40.34,18.922237216637505,19.128529682327176,18.445406548760364
40.36,18.920200680307943,19.126416880440722,18.443591255760182
40.38,18.9178504112122,19.124307031354725,18.44177858297163
40.4,18.915866973023125,19.122200130667732,18.43996852636926
40.42,18.91446478531443,19.120096173985512,18.43816108193439
40.44,18.91278828944498,19.11799515692107,18.43635624565514
40.46,18.91096438170578,19.11589707509457,18.434554013526387
40.48,18.908759671815886,19.113801924133384,18.432754381549756
40.5,18.90576067862718,19.111709699672055,18.430957345733596
40.52,18.90420206404831,19.109620397352288,18.429162902093022
40.54,18.901552467202023,19.10753401282291,18.427371046649828
40.56,18.900229804447537,19.105450541739895,18.425581775432523
40.58,18.898451009616846,19.10336997976633,18.423795084476293
40.6,18.89671009347038,19.101292322572423,18.42201096982301
40.62,18.894692499752104,19.09921756583543,18.420229427521203
40.64,18.892961984081857,19.097145705239722,18.418450453626047
40.66,18.890773421818587,19.09507673647673,18.41667404419935
40.68,18.889341639542167,19.093010655244925,18.414900195309563
40.7,18.887756627583997,19.090947457249822,18.41312890303173
40.72,18.8863675748707,19.088887138203933,18.41136016344749
40.74,18.884498499422488,19.086829693826846,18.409593972645094
40.76,18.882874207235012,19.08477511984508,18.407830326719324
40.78,18.88133947136048,19.08272341199219,18.406069221771574
40.8,18.87975950901811,19.080674566008657,18.404310653909718
40.82,18.878119744067327,19.078628577641968,18.402554619248246
40.84,18.875923537958453,19.076585442646515,18.400801113908113
40.86,18.87420071796237,19.074545156783657,18.399050134016818
40.88,18.871930331215285,19.07250771582167,18.39730167570832
40.9,18.869578388436672,19.070473115535687,18.395555735123107
40.92,18.867510722412046,19.06844135170782,18.393812308408105
40.94,18.86571026948228,19.066412420126994,18.392071391716726
40.96,18.863482762731582,19.064386316589054,18.39033298120883
40.98,18.86172740360572,19.06236303689666,18.38859707305069
41.0,18.859740208476516,19.060342576859334,18.38686366341503
41.02,18.85807784535314,19.05832493229343,18.385132748480963
41.04,18.8567304059198,19.056310099022124,18.383404324434025
41.06,18.854966748222473,19.054298072875387,18.38167838746613
41.08,18.85249891891201,19.05228884968999,18.379954933775572
41.1,18.850795344626484,19.050282425309494,18.37823395956699
41.12,18.848644619443334,19.048278795584206,18.376515461051383
41.14,18.84698280363977,19.046277956371206,18.374799434446118
41.16,18.84575053792422,19.044279903534317,18.37308587597485
41.18,18.84422759629529,19.04228463294408,18.37137478186756
41.2,18.84172924251709,19.040292140477764,18.369666148360547
41.22,18.840179663461228,19.038302422019353,18.367959971696408
41.24,18.838650485729985,19.036315473459506,18.366256248123964
41.26,18.83733229406076,19.034331290695558,18.36455497389838
41.28,18.83523846444294,19.032349869631542,18.362856145281018
41.3,18.83376330550852,19.030371206178124,18.36115975853953
41.32,18.832149951734735,19.028395296252626,18.359465809947743
41.34,18.829653823554196,19.026422135778983,18.35777429578577
41.36,18.82750931353152,19.02445172068778,18.356085212339888
41.38,18.82514595657928,19.02248404691617,18.354398555902577
41.4,18.823043299630704,19.020519110407957,18.352714322772513
41.42,18.82111432770175,19.018556907113464,18.35103250925455
41.44,18.81870545817042,19.016597432989638,18.34935311165968
41.46,18.81656317083752,19.014640683999932,18.34767612630507
41.48,18.814240917899372,19.012686656114404,18.34600154951401
41.5,18.812697158915153,19.010735345309616,18.34432937761592
41.52,18.810127126130386,19.00878674756863,18.34265960694635
41.54,18.807911442017282,19.006840858881066,18.340992233846936
41.56,18.80624079643609,19.004897675243022,18.339327254665402
41.58,18.80351162736312,19.002957192657064,18.33766466575558
41.6,18.801025234063975,19.00101940713226,18.33600446347734
41.62,18.800060813425308,18.999084314684136,18.334346644196632
41.64,18.79901104435096,18.99715191133464,18.332691204285442
41.66,18.797022206960367,18.995222193112205,18.3310381401218
41.68,18.795022394301867,18.993295156051662,18.329387448089744
41.7,18.79288852085336,18.991370796194264,18.327739124579338
41.72,18.790821081510995,18.989449109587664,18.32609316598664
41.74,18.789070771270936,18.987530092285912,18.32444956871372
41.76,18.786520270867992,18.985613740349446,18.322808329168588
41.78,18.78420255839319,18.983700049845044,18.321169443765246
41.8,18.78201101883799,18.98178901684587,18.319532908923644
41.82,18.779652662281542,18.979880637431425,18.3178987210697
41.84,18.777685185682152,18.977974907687532,18.316266876635225
41.86,18.775051550123617,18.97607182370636,18.31463737205798
41.88,18.773328907961563,18.974171381586373,18.313010203781634
41.9,18.771540813391308,18.972273577432315,18.311385368255767
41.92,18.770168958378356,18.970378407355255,18.309762861935816
41.94,18.76828743475071,18.968485867472523,18.308142681283122
41.96,18.766362580160205,18.966595953907692,18.306524822764892
41.98,18.76452342127174,18.964708662790617,18.304909282854187
42.0,18.762712375577618,18.96282399025738,18.303296058029893
42.02,18.761000878658038,18.96094193245031,18.301685144776776
42.04,18.759102089701386,18.959062485517922,18.30007653958538
42.06,18.757621799212995,18.957185645614963,18.2984702389521
42.08,18.75594058212785,18.955311408902364,18.296866239379074
42.1,18.754383131948497,18.953439771547266,18.295264537374315
42.12,18.752605651815227,18.95157072972295,18.29366512945154
42.14,18.751166647172898,18.949704279608873,18.29206801213028
42.16,18.749524355773932,18.94784041739064,18.290473181935816
42.18,18.747870053595953,18.945979139260018,18.288880635399156
42.2,18.746444026533627,18.944120441414857,18.28729036905707
42.22,18.74463617463814,18.942264320059166,18.285702379452047
42.24,18.742938890664647,18.94041077140304,18.28411666313228
42.26,18.741588859706432,18.93855979166268,18.282533216651704
42.28,18.739924919124107,18.936711377060362,18.28095203656988
42.3,18.73766203067866,18.93486552382442,18.27937311945212
42.32,18.736466470898087,18.933022228189287,18.277796461869375
42.34,18.734644565341835,18.931181486395435,18.27622206039828
42.36,18.732812143827484,18.92934329468934,18.274649911621097
42.38,18.730674694296717,18.927507649323555,18.27308001212572
42.4,18.72887502486085,18.925674546556625,18.271512358505742
42.42,18.72740700346885,18.923843982653107,18.2699469473603
42.44,18.72613936179169,18.922015953883555,18.26838377529416
42.46,18.724573506451865,18.9201904565245,18.266822838917726
42.48,18.72169562898983,18.918367486858468,18.265264134846948
42.5,18.720692174209077,18.91654704117393,18.26370765970338
42.52,18.71984698009501,18.91472911576532,18.262153410114117
42.54,18.71888938919811,18.912913706932997,18.26060138271185
42.56,18.716998786462405,18.91110081098326,18.259051574134784
42.58,18.71575976611984,18.909290424228345,18.257503981026687
42.6,18.71450140193658,18.907482542986394,18.255958600036838
42.62,18.713551383600812,18.905677163581412,18.254415427820025
42.64,18.71168551417115,18.90387428234332,18.25287446103657
42.66,18.71022279378324,18.902073895607927,18.25133569635227
42.68,18.708328514458522,18.900275999716897,18.249799130438426
42.7,18.706876454074656,18.898480591017734,18.24826475997179
42.72,18.705442798900187,18.896687665863823,18.246732581634596
42.74,18.704030400032686,18.894897220614347,18.24520259211455
42.76,18.701956089449745,18.893109251634336,18.24367478810475
42.78,18.699572087954238,18.891323755294646,18.242149166303804
42.8,18.698054643996848,18.889540727971895,18.240625723415686
42.82,18.695854543073164,18.887760166048533,18.239104456149814
42.84,18.694285725387072,18.88598206591277,18.237585361220997
42.86,18.6927311353109,18.884206423958602,18.236068435349452
42.88,18.691700569922936,18.882433236585783,18.234553675260784
42.9,18.689882127959198,18.88066250019982,18.233041077685947
42.92,18.68751727278924,18.87889421121193,18.231530639361303
42.94,18.686021657492326,18.877128366039127,18.230022357028542
42.96,18.68389857762053,18.87536496110408,18.228516227434685
42.98,18.68141158115256,18.873603992835218,18.227012247332123
43.0,18.67934207988613,18.871845457666623,18.22551041347857
43.02,18.677722173952446,18.870089352038104,18.224010722637022
43.04,18.67670445005645,18.868335672395123,18.22251317157583
43.06,18.67504658695707,18.866584415188836,18.22101775706859
43.08,18.674113000932152,18.864835576876043,18.21952447589425
43.1,18.67253792894279,18.863089153919187,18.218033324836963
43.12,18.670958080763494,18.86134514278637,18.2165443006862
43.14,18.668455778676382,18.859603539951298,18.215057400236667
43.16,18.666363900383075,18.857864341893308,18.213572620288325
43.18,18.664202310204207,18.856127545097355,18.212089957646388
43.2,18.662000100394085,18.85439314605397,18.210609409121272
43.22,18.660162227073783,18.852661141259283,18.20913097152862
43.24,18.65871957387604,18.850931527215003,18.207654641689302
43.26,18.656844482187694,18.849204300428415,18.20618041642937
43.28,18.655978565867848,18.84747945741234,18.204708292580072
43.3,18.65417989975071,18.845756994685182,18.203238266977845
43.32,18.652683435776822,18.84403690877083,18.201770336464282
43.34,18.65112473526542,18.842319196198762,18.20030449788614
43.36,18.64980555307486,18.840603853503918,18.198840748095357
43.38,18.648062760738245,18.838890877226795,18.197379083948974
43.4,18.646621728358173,18.837180263913364,18.19591950230918
43.42,18.645611795063548,18.83547201011507,18.194462000043313
43.44,18.64427675378781,18.833766112388872,18.19300657402378
43.46,18.642108449103144,18.83206256729717,18.19155322112813
43.48,18.640708407373772,18.830361371407843,18.190101938238993
43.5,18.639289606784686,18.8286625212942,18.188652722244104
43.52,18.637674931159196,18.826966013535007,18.187205570036244
43.54,18.634790115525952,18.825271844714454,18.185760478513288
43.56,18.633006223282916,18.823580011422138,18.18431744457815
43.58,18.631042269897105,18.821890510253095,18.182876465138808
43.6,18.62933711240259,18.820203337807726,18.18143753710828
43.62,18.627738484937304,18.818518490691865,18.180000657404616
43.64,18.62656747820131,18.816835965516695,18.178565822950873
43.66,18.62488641551898,18.815155758898786,18.177133030675144
43.68,18.62348525603333,18.813477867460062,18.175702277510506
43.7,18.622049918930937,18.811802287827806,18.174273560395047
43.72,18.6203472169112,18.810129016634637,18.17284687627182
43.74,18.618455591730097,18.80845805051852,18.171422222088868
43.76,18.616834284590375,18.806789386122748,18.1699995947992
43.78,18.61539022708131,18.805123020095905,18.168578991360782
43.8,18.613591576557997,18.803458949091894,18.167160408736542
43.82,18.612114880814744,18.80179716976993,18.16574384389431
43.84,18.61038468464912,18.800137678794485,18.164329293806897
43.86,18.60895298768521,18.798480472835326,18.162916755452002
43.88,18.607658985877887,18.796825548567483,18.161506225812246
43.9,18.606685469653495,18.79517290267125,18.160097701875152
43.92,18.605469630012298,18.793522531832167,18.158691180633145
43.94,18.60306270094195,18.791874432741015,18.15728665908354
43.96,18.601807520304867,18.790228602093787,18.155884134228508
43.98,18.600349826812472,18.78858503659173,18.154483603075107
44.0,18.598444837402102,18.78694373294128,18.153085062635267
44.02,18.597428204835563,18.785304687854083,18.151688509925723
44.04,18.59566790155463,18.783667898046982,18.15029394196811
44.06,18.594603498803977,18.78203336024198,18.148901355788844
44.08,18.592415439133436,18.780401071166303,18.1475107484192
44.1,18.59133296593829,18.778771027552292,18.146122116895253
44.12,18.589649108805474,18.777143226137476,18.14473545825791
44.14,18.587745522902384,18.77551766366453,18.143350769552832
44.16,18.586181103238683,18.77389433688124,18.141968047830492
44.18,18.58404303718137,18.772273242540564,18.140587290146165
44.2,18.58303920889338,18.770654377400536,18.139208493559877
44.22,18.581544163998004,18.769037738224334,18.1378316551364
44.24,18.580118158232402,18.767423321780228,18.136456771945298
44.26,18.578472834559207,18.765811124841576,18.135083841060855
44.28,18.577341321017983,18.76420114418683,18.1337128595621
44.3,18.575208653980766,18.76259337659951,18.1323438245328
44.32,18.573885900983115,18.760987818868198,18.13097673306143
44.34,18.57287032587952,18.759384467786536,18.129611582241193
44.36,18.570810205203824,18.757783320153216,18.128248369169956
44.38,18.56897761077722,18.75618437277198,18.126887090950337
44.4,18.566766163551677,18.754587622451588,18.125527744689606
44.42,18.56569276872878,18.752993066005818,18.124170327499712
44.44,18.563859156660044,18.75140070025347,18.12281483649728
44.46,18.562448206963243,18.74981052201833,18.1214612688036
44.48,18.560662411161946,18.748222528129226,18.120109621544607
44.5,18.559506834118537,18.74663671541991,18.118759891850885
44.52,18.558396949073114,18.74505308072915,18.11741207685765
44.54,18.557174323128976,18.74347162090068,18.116066173704752
44.56,18.55491144895613,18.741892332783173,18.114722179536653
44.58,18.553220738472977,18.74031521323029,18.113380091502425
44.6,18.55173806878322,18.73874025910059,18.112039906755754
44.62,18.550270863102103,18.737167467257596,18.110701622454897
44.64,18.54842786597274,18.735596834569755,18.109365235762738
44.66,18.547096846059976,18.734028357910407,18.10803074384669
44.68,18.54549714578021,18.732462034157834,18.106698143878784
44.7,18.544099877133206,18.730897860195185,18.10536743303555
44.72,18.542690889207623,18.729335832910518,18.104038608498133
44.74,18.541133983151216,18.727775949196772,18.1027116674522
44.76,18.539616171752744,18.726218205951742,18.10138660708794
44.78,18.53810566882374,18.72466260007812,18.100063424600094
44.8,18.537019554385367,18.72310912848343,18.098742117187886
44.82,18.53529449186822,18.72155778808004,18.097422682055118
44.84,18.533640017903892,18.72000857578517,18.09610511641003
44.86,18.531873668650867,18.718461488520866,18.094789417465375
44.88,18.530904846424335,18.71691652321401,18.093475582438433
44.9,18.5294770059473,18.715373676796276,18.092163608550916
44.92,18.527880661969892,18.713832946204146,18.090853493029027
44.94,18.526071778586168,18.712294328378913,18.08954523310342
44.96,18.524729490988268,18.710757820266647,18.088238826009228
44.98,18.523160446606262,18.709223418818198,18.086934268986028
45.0,18.52163083669007,18.7076911209892,18.085631559277815
45.02,18.52071572977704,18.706160923740036,18.08433069413303
45.04,18.519403105737144,18.70463282403586,18.08303167080455
45.06,18.517778178618162,18.703106818846546,18.08173448654964
45.08,18.51635563621936,18.70158290514673,18.080439138629988
45.1,18.514721457970946,18.70006107991577,18.079145624311693
45.12,18.51343765633518,18.69854134013775,18.07785394086522
45.14,18.511969612890745,18.697023682801465,18.076564085565447
45.16,18.510607135087863,18.695508104900405,18.075276055691617
45.18,18.50976398913149,18.693994603432778,18.07398984852733
45.2,18.508869764924356,18.69248317540146,18.07270546136056
45.22,18.507508308143233,18.69097381781403,18.071422891483625
45.24,18.50623661165013,18.689466527682708,18.07014213619321
45.26,18.504726991688027,18.687961302024412,18.06886319279029
45.28,18.503395727254233,18.686458137860694,18.067586058580243
45.3,18.502306952779588,18.68495703221777,18.066310730872697
45.32,18.50134893303214,18.683457982126473,18.065037206981643
45.34,18.499379000161458,18.6819609846223,18.06376548422534
45.36,18.497884043170053,18.680466036745337,18.062495559926383
45.38,18.49667171901052,18.678973135540318,18.06122743141163
45.4,18.495145122348795,18.677482278056555,18.059961096012234
45.42,18.493630211633345,18.675993461347982,18.058696551063637
45.44,18.491884092539344,18.674506682473123,18.057433793905524
45.46,18.49081194226871,18.673021938495083,18.056172821881862
45.48,18.489346254094364,18.671539226481514,18.054913632340845
45.5,18.488599242603044,18.670058543504684,18.053656222634945
45.52,18.486908386719808,18.668579886641396,18.05240059012085
45.54,18.48543592278949,18.667103252972996,18.051146732159484
45.56,18.484196041962264,18.665628639585393,18.049894646115995
45.58,18.48312228116372,18.66415604356903,18.04864432935975
45.6,18.481760730541346,18.662685462018867,18.047395779264313
45.62,18.481038030146912,18.661216892034385,18.046148993207463
45.64,18.479441424937573,18.659750330719575,18.04490396857115
45.66,18.477921807728087,18.658285775182968,18.043660702741537
45.68,18.476370159662373,18.65682322253754,18.04241919310895
45.7,18.474103967252677,18.655362669900775,18.041179437067882
45.72,18.47219265369491,18.653904114394663,18.039941432016988
45.74,18.471092900818018,18.65244755314564,18.038705175359098
45.76,18.470032550064055,18.650992983284606,18.037470664501168
45.78,18.469004025195296,18.649540401946933,18.036237896854306
45.8,18.467119339335238,18.64808980627245,18.035006869833758
45.82,18.466096919854955,18.646641193405397,18.03377758085889
45.84,18.464784153580382,18.645194560494488,18.03255002735317
45.86,18.46337600571156,18.64374990469282,18.031324206744213
45.88,18.462563518182133,18.64230722315796,18.03010011646371
45.9,18.461380476420498,18.64086651305184,18.028877753947466
45.92,18.460130698267424,18.639427771540845,18.027657116635375
45.94,18.45904168839986,18.637990995795693,18.02643820197138
45.96,18.45816573697929,18.636556182991548,18.025221007403566
45.98,18.45614270175312,18.63512333030793,18.024005530384017
46.0,18.454806502525056,18.633692434928747,18.022791768368915
46.02,18.45382617085193,18.63226349404223,18.021579718818504
46.04,18.45215011894678,18.630836504841046,18.02036937919704
46.06,18.45076006836862,18.62941146452215,18.01916074697285
46.08,18.449672682938687,18.627988370286843,18.017953819618278
46.1,18.448186090344414,18.6265672193408,18.01674859460969
46.12,18.446928826790554,18.62514800889399,18.015545069427493
46.14,18.445951835167083,18.62373073616074,18.014343241556077
46.16,18.444728623664954,18.62231539835964,18.01314310848385
46.18,18.443551988836408,18.62090199271363,18.0119446677032
46.2,18.441830147561596,18.61949051644992,18.010747916710546
46.22,18.44100183555068,18.618080966800033,18.00955285300623
46.24,18.4397132107222,18.616673340999757,18.00835947409463
46.26,18.43819018832427,18.615267636289186,18.007167777484067
46.28,18.43678411675363,18.613863849912654,18.0059777606868
46.3,18.43561024834688,18.61246197911877,18.004789421219076
46.32,18.43451962590727,18.611062021160375,18.003602756601076
46.34,18.43272291550328,18.60966397329461,18.002417764356924
46.36,18.43192611696686,18.6082678327828,18.00123444201467
46.38,18.430407662358466,18.60687359689052,18.00005278710631
46.4,18.42823533637002,18.605481262887597,17.998872797167742
46.42,18.42673722013868,18.60409082804805,17.99769446973879
46.44,18.42521010956819,18.602702289650104,17.99651780236315
46.46,18.424222378905323,18.60131564497621,17.99534279258848
46.48,18.423073896206414,18.599930891312987,17.994169437966285
46.5,18.42213216606924,18.598548025951285,17.992997736051958
46.52,18.42050153600374,18.597167046186076,17.991827684404775
46.54,18.419252676854796,18.59578794931658,17.990659280587888
46.56,18.41799018624919,18.594410732646114,17.989492522168337
46.58,18.415974675999102,18.59303539348221,17.988327406716962
46.6,18.415004517307917,18.59166192913652,17.9871639318085
46.62,18.41380986026849,18.590290336924852,17.98600209502153
46.64,18.412363713499186,18.588920614167158,17.984841893938455
46.66,18.41101430146812,18.58755275818751,17.983683326145513
46.68,18.409827246577326,18.58618676631414,17.982526389232785
46.7,18.408723798466692,18.584822635879338,17.98137108079412
46.72,18.407407148590746,18.583460364219558,17.980217398427236
46.74,18.405667850503885,18.582099948675335,17.979065339733623
46.76,18.40477666114221,18.580741386591296,17.977914902318588
46.78,18.40403614015679,18.579384675316177,17.97676608379119
46.8,18.402859229343704,18.578029812202782,17.975618881764337
46.82,18.401467458123545,18.57667679460799,17.97447329385464
46.84,18.400558293701962,18.575325619892762,17.97332931768255
46.86,18.39957718612393,18.573976285422102,17.972186950872228
46.88,18.39874132455282,18.572628788565087,17.971046191051638
46.9,18.396756179094,18.571283126694826,17.969907035852447
46.92,18.395647186613626,18.56993929718848,17.96876948291013
46.94,18.394326877389947,18.56859729742725,17.967633529863825
46.96,18.393507063097097,18.567257124796335,17.966499174356475
46.98,18.39222956554535,18.565918776684995,17.96536641403469
47.0,18.391224754041673,18.564582250486485,17.96423524654884
47.02,18.38976269731015,18.56324754359804,17.963105669552974
47.04,18.387900523525968,18.561914653420946,17.96197768070488
47.06,18.386545627706408,18.560583577360447,17.96085127766601
47.08,18.38513622050532,18.559254312825782,17.959726458101535
47.1,18.38432998613155,18.55792685723016,17.958603219680317
47.12,18.383091479682882,18.556601207990788,17.957481560074864
47.14,18.381295291125056,18.55527736252882,17.95636147696139
47.16,18.380440948486342,18.553955318269363,17.95524296801976
47.18,18.379120068942274,18.55263507264149,17.954126030933512
47.2,18.37753047388283,18.551316623078222,17.953010663389826
47.22,18.376568783013926,18.5499999670165,17.95189686307953
47.24,18.37563395367404,18.548685101897213,17.950784627697107
47.26,18.374066873808946,18.547372025165185,17.94967395494066
47.28,18.37299127615886,18.54606073426913,17.94856484251194
47.3,18.371776789270875,18.544751226661703,17.947457288116286
47.32,18.37060292792699,18.54344349979944,17.946351289462694
47.34,18.36920927548419,18.542137551142787,17.94524684426374
47.36,18.367729126387466,18.540833378156087,17.944143950235613
47.38,18.366381176329366,18.539530978307567,17.943042605098118
47.4,18.364861492276983,18.538230349069323,17.94194280657462
47.42,18.363474377572352,18.536931487917343,17.940844552392086
47.44,18.362290109106887,18.535634392331453,17.93974784028107
47.46,18.36076019697018,18.53433905979537,17.938652667975667
47.48,18.360576011078262,18.533045487796628,17.937559033213567
47.5,18.35919619186147,18.53175367382664,17.93646693373602
47.52,18.357725437464644,18.53046361538065,17.93537636728782
47.54,18.356338674900687,18.529175309957715,17.934287331617295
47.56,18.35489370146252,18.527888755060754,17.933199824476343
47.58,18.353131876671096,18.526603948196467,17.932113843620378
47.6,18.352476756292987,18.525320886875406,17.93102938680836
47.62,18.351372997857307,18.524039568611887,17.929946451802753
47.64,18.34987757358305,18.522759990924076,17.92886503636955
47.66,18.34859993584982,18.521482151333906,17.92778513827825
47.68,18.34799057681104,18.520206047367083,17.926706755301847
47.7,18.34700153520139,18.518931676553137,17.92562988521686
47.72,18.345975750007305,18.51765903642533,17.924554525803284
47.74,18.34465870193397,18.516388124520706,17.9234806748446
47.76,18.34373382055023,18.515118938380095,17.92240833012777
47.78,18.342538966831142,18.51385147554805,17.921337489443232
47.8,18.34189022280406,18.512585733572905,17.920268150584885
47.82,18.340430433007313,18.51132171000671,17.91920031135012
47.84,18.339534711217937,18.510059402405265,17.91813396953974
47.86,18.338790217111573,18.508798808328084,17.917069122958033
47.88,18.3376711490002,18.507539925338445,17.916005769412724
47.9,18.336629243067275,18.506282751003297,17.91494390671497
47.92,18.335766005815334,18.505027282893344,17.913883532679353
47.94,18.334507797875887,18.503773518582953,17.912824645123898
47.96,18.333566188539535,18.502521455650214,17.911767241870052
47.98,18.33221759738137,18.50127109167693,17.910711320742656
48.0,18.33091260505809,18.50002242424855,17.909656879569997
48.02,18.329954522571796,18.498775450954213,17.90860391618372
48.04,18.32904929570404,18.497530169386767,17.90755242841889
48.06,18.327896153487746,18.496286577142673,17.90650241411397
48.08,18.32660024257426,18.495044671822107,17.90545387111081
48.1,18.325690479836194,18.493804451028872,17.90440679725461
48.12,18.324759183192835,18.49256591237042,17.903361190393976
48.14,18.32404607892944,18.491329053457857,17.90231704838087
48.16,18.322442609729514,18.490093871905927,17.901274369070624
48.18,18.321165502834262,18.488860365332993,17.900233150321906
48.2,18.32005409759152,18.48762853136105,17.89919338999676
48.22,18.319559133432993,18.486398367615724,17.898155085960557
48.24,18.31863787371534,18.485169871726228,17.897118236082008
48.26,18.316944929747653,18.4839430413254,17.896082838233163
48.28,18.315437179458225,18.48271787404969,17.89504889028942
48.3,18.313880501323993,18.481494367539113,17.89401639012945
48.32,18.313082500627466,18.48027251943729,17.892985335635277
48.34,18.31225921949819,18.479052327391436,17.891955724692245
48.36,18.3107646802182,18.477833789052305,17.890927555188952
48.38,18.30932140082653,18.47661690207427,17.88990082501736
48.4,18.30805818142665,18.475401664115232,17.88887553207267
48.42,18.30731365714688,18.474188072836675,17.887851674253387
48.44,18.306188572609894,18.472976125903607,17.886829249461314
48.46,18.3051042916764,18.47176582098462,17.885808255601543
48.48,18.304288277610148,18.47055715575182,17.88478869058238
48.5,18.30290940869922,18.46935012788085,17.88377055231545
48.52,18.30152369987363,18.468144735050892,17.882753838715605
48.54,18.300031807350845,18.466940974944638,17.881738547700973
48.56,18.298864820183038,18.46573884524833,17.880724677192916
48.58,18.29786112219677,18.464538343651668,17.879712225116048
48.6,18.297089349862254,18.463339467847906,17.878701189398218
48.62,18.296036646297576,18.462142215533767,17.877691567970498
48.64,18.29479834726931,18.460946584409477,17.876683358767206
48.66,18.293998978111805,18.45975257217875,17.87567655972585
48.68,18.292597260454897,18.458560176548815,17.874671168787188
48.7,18.290364223316246,18.457369395230295,17.87366718389517
48.72,18.289678691281797,18.456180225937366,17.872664602996934
48.74,18.28937466698514,18.45499266638763,17.871663424042854
48.76,18.288102720233166,18.453806714302157,17.870663644986468
48.78,18.28680193926074,18.452622367405457,17.869665263784515
48.8,18.286331542138537,18.451439623425504,17.868668278396903
48.82,18.285106598598308,18.45025848009371,17.86767268678674
48.84,18.28473462628243,18.449078935144904,17.86667848692027
48.86,18.283238753695084,18.447900986317386,17.865685676766958
48.88,18.282365171459244,18.446724631352836,17.864694254299355
48.9,18.2817904637053,18.445549867996373,17.86370421749324
48.92,18.280476799534117,18.444376693996535,17.86271556432749
48.94,18.27929822830874,18.44320510710525,17.861728292784157
48.96,18.27815599025664,18.442035105077863,17.860742400848412
48.98,18.277299659774414,18.440866685673107,17.859757886508586
49.0,18.276695854211617,18.439699846653102,17.858774747756105
49.02,18.27572610707792,18.438534585783362,17.85779298258553
49.04,18.275044541086473,18.43737090083278,17.85681258899456
49.06,18.27466779927322,18.436208789573598,17.855833564983975
49.08,18.273291635252683,18.435048249781456,17.85485590855769
49.1,18.272353036109198,18.433889279235355,17.85387961772269
49.12,18.271830408058918,18.432731875717625,17.8529046904891
49.14,18.270903637803613,18.431576037013972,17.8519311248701
49.16,18.269796018385485,18.430421760913436,17.850958918881954
49.18,18.269028371140408,18.429269045208397,17.84998807054404
49.2,18.268068901709405,18.42811788769458,17.849018577878766
49.22,18.26687299076132,18.426968286171025,17.848050438911656
49.24,18.265531572249667,18.425820238440092,17.847083651671266
49.26,18.264075438761143,18.42467374230748,17.84611821418924
49.28,18.263270318364047,18.423528795582175,17.845154124500244
49.3,18.262959226395925,18.42238539607649,17.844191380642005
49.32,18.26232309818754,18.421243541606025,17.843229980655316
49.34,18.261563951339777,18.420103229989685,17.84226992258398
49.36,18.260326624745485,18.418964459049654,17.841311204474845
49.38,18.259490113856668,18.417827226611408,17.84035382437779
49.4,18.25815535190801,18.416691530503694,17.8393977803457
49.42,18.256833275220085,18.41555736855857,17.838443070434522
49.44,18.256404808001598,18.414424738611284,17.83748969270317
49.46,18.25501765332753,18.413293638500434,17.83653764521358
49.48,18.253832800578873,18.412164066067817,17.83558692603069
49.5,18.252788298029092,18.411036019158512,17.834637533222466
49.52,18.252159438886427,18.40990949562082,17.83368946485981
49.54,18.250962827630325,18.40878449330631,17.832742719016654
49.56,18.249617734815253,18.407661010069766,17.831797293769903
49.58,18.248773660487632,18.40653904376921,17.830853187199434
49.6,18.247510466103275,18.405418592265892,17.829910397388105
49.62,18.245892607900554,18.404299653424275,17.82896892242173
49.64,18.244977621863555,18.40318222511205,17.828028760389095
49.66,18.24357593928064,18.40206630520009,17.82708990938194
49.68,18.242198937187528,18.400951891562517,17.826152367494945
49.7,18.241589072557336,18.399838982076602,17.825216132825773
49.72,18.239863639730267,18.39872757462283,17.824281203474992
49.74,18.2390499634012,18.397617667084887,17.823347577546123
49.76,18.237994320285868,18.396509257349624,17.82241525314561
49.78,18.236405159276124,18.395402343307076,17.82148422838285
49.8,18.235508377564155,18.394296922850444,17.820554501370125
49.82,18.234238280945316,18.393192993876117,17.819626070222668
49.84,18.23270986458145,18.392090554283612,17.818698933058602
49.86,18.231688965548933,18.390989601975637,17.817773087998976
49.88,18.23076704401467,18.389890134858014,17.816848533167725
49.9,18.229841686756245,18.388792150839755,17.815925266691682
49.92,18.22868222100691,18.387695647832977,17.815003286700595
49.94,18.227719581127722,18.386600623752955,17.81408259132708
49.96,18.226523630992855,18.385507076518067,17.81316317870664
49.98,18.224580390761965,18.384415004049846,17.81224504697765
50.0,18.223877387750726,18.38332440427294,17.811328194281383
50.02,18.222858691581372,18.382235275115104,17.810412618761948
50.04,18.221452420663244,18.381147614507185,17.809498318566344
50.06,18.220842759443855,18.38006142038318,17.808585291844405
50.08,18.220548521282797,18.378976690680155,17.80767353674885
50.1,18.219510022739854,18.37789342333826,17.80676305143522
50.12,18.21914507274902,18.37681161630076,17.805853834061907
50.14,18.217398915118576,18.375731267514,17.80494588279014
50.16,18.215936429999157,18.374652374927397,17.804039195784004
50.18,18.2146784454674,18.373574936493434,17.803133771210405
50.2,18.21377521136108,18.372498950167685,17.802229607239042
50.22,18.21308144976411,18.371424413908773,17.80132670204247
50.24,18.21187549247961,18.37035132567839,17.800425053796065
50.26,18.210767451249815,18.369279683441253,17.799524660677992
50.28,18.209303623782475,18.36820948516518,17.798625520869212
50.3,18.208348673486054,18.367140728820996,17.79772763255353
50.32,18.20777243697706,18.366073412382562,17.79683099391752
50.34,18.20645180343067,18.365007533826795,17.795935603150543
50.36,18.205302972192236,18.363943091133617,17.79504145844476
50.38,18.204380612530535,18.362880082286,17.794148557995108
50.4,18.203037933971988,18.361818505269923,17.79325689999931
50.42,18.201590007815547,18.360758358074364,17.79236648265785
50.44,18.200789217896506,18.359699638691342,17.791477304174002
50.46,18.200065645220235,18.35864234511586,17.790589362753785
50.48,18.199430348673157,18.35758647534592,17.78970265660597
50.5,18.19884677759636,18.35653202738251,17.78881718394211
50.52,18.19719199758559,18.355478999229636,17.787932942976504
50.54,18.19652230676968,18.354427388894276,17.787049931926163
50.56,18.19627648373876,18.35337719438637,17.786168149010877
50.58,18.19506995754772,18.352328413718844,17.78528759245315
50.6,18.194481866084885,18.35128104490762,17.78440826047823
50.62,18.193349897174947,18.350235085971537,17.783530151314096
50.64,18.192543190111685,18.349190534932433,17.782653263191445
50.66,18.19135449903597,18.348147389815075,17.78177759434367
50.68,18.190695089686656,18.34710564864722,17.780903143006906
50.7,18.190033047882228,18.34606530945952,17.780029907419983
50.72,18.188745602281557,18.34502637028558,17.779157885824464
50.74,18.18832864862937,18.34398882916198,17.778287076464558
50.76,18.18768025732248,18.342952684128203,17.777417477587218
50.78,18.18661807218008,18.341917933226647,17.776549087442064
50.8,18.18507686787323,18.34088457450265,17.775681904281413
50.82,18.183923318105993,18.33985260600446,17.774815926360237
50.84,18.18258101044826,18.338822025783248,17.773951151936235
50.86,18.18210989677431,18.337792831893065,17.773087579269742
50.88,18.18121640826711,18.336765022390892,17.772225206623762
50.9,18.181044448630953,18.33573859533661,17.771364032263975
50.92,18.18026859809602,18.334713548792976,17.77050405445873
50.94,18.179139159245803,18.33368988082563,17.769645271478986
50.96,18.178196307023708,18.332667589503117,17.768787681598425
50.98,18.176531995400154,18.331646672896845,17.76793128309331
51.0,18.175516822881537,18.33062712908112,17.767076074242585
51.02,18.1737063221498,18.329608956133086,17.766222053327798
51.04,18.172753838802844,18.328592152132767,17.76536921863317
51.06,18.17261543130808,18.327576715163048,17.76451756844551
51.08,18.17170408102335,18.32656264330968,17.763667101054278
51.1,18.17139566329292,18.325549934661232,17.76281781475156
51.12,18.169929209029032,18.324538587309167,17.761969707832037
51.14,18.169521804754588,18.323528599347743,17.761122778592995
51.16,18.168317503233432,18.322519968874083,17.760277025334346
51.18,18.16707426424023,18.321512693988144,17.75943244635861
51.2,18.166102543544852,18.320506772792683,17.758589039970875
51.22,18.16550516497669,18.31950220339332,17.757746804478863
51.24,18.164876094677634,18.318498983898458,17.756905738192838
51.26,18.164252761110323,18.317497112419343,17.756065839425695
51.28,18.16291595838031,18.316496587070016,17.755227106492885
51.3,18.162150648996803,18.315497405967307,17.754389537712427
51.32,18.16086292145697,18.314499567230882,17.75355313140493
51.34,18.159561980313978,18.31350306898318,17.752717885893578
51.36,18.158364514258786,18.312507909349428,17.75188379950409
51.38,18.157717838615756,18.311514086457656,17.751050870564764
51.4,18.157508623369058,18.310521598438672,17.750219097406465
51.42,18.15584832486455,18.309530443426045,17.749388478362572
51.44,18.15428411928306,18.308540619556126,17.74855901176905
51.46,18.152550849532215,18.30755212496806,17.74773069596437
51.48,18.151573155059314,18.306564957803715,17.74690352928958
51.5,18.150571694185146,18.30557911620775,17.74607751008822
51.52,18.14890480438606,18.304594598327558,17.745252636706375
51.54,18.148092331237237,18.303611402313297,17.744428907492697
51.56,18.14714821220774,18.302629526317865,17.7436063207983
51.58,18.14622349018177,18.301648968496906,17.742784874976845
51.6,18.145662603161227,18.300669727008803,17.741964568384493
51.62,18.145001103713906,18.299691800014656,17.741145399379928
51.64,18.143897782170225,18.298715185678315,17.74032736632432
51.66,18.143235604284015,18.297739882166347,17.739510467581358
51.68,18.14260487939216,18.29676588764803,17.738694701517222
51.7,18.1416005985663,18.295793200295353,17.73788006650057
51.72,18.140664139775975,18.294821818283054,17.73706656090258
51.74,18.140162606526154,18.29385173978853,17.73625418309688
51.76,18.139059891888692,18.292882962991904,17.735442931459588
51.78,18.137946227171447,18.29191548607599,17.734632804369305
51.8,18.136406961773854,18.290949307226306,17.73382380020711
51.82,18.134865678845028,18.289984424631054,17.733015917356518
51.84,18.13384122974131,18.28902083648111,17.732209154203545
51.86,18.13219331837147,18.28805854097003,17.731403509136644
51.88,18.13177433939184,18.287097536294088,17.73059898054673
51.9,18.130178864615228,18.286137820652154,17.729795566827153
51.92,18.128506804250794,18.285179392245837,17.728993266373752
51.94,18.12733685241085,18.28422224927937,17.728192077584765
51.96,18.127074646501754,18.28326638995966,17.72739199886089
51.98,18.12646016205356,18.28231181249625,17.72659302860525
52.0,18.12556897736735,18.281358515101363,17.72579516522342
52.02,18.124240091938493,18.28040649598984,17.724998407123373
52.04,18.12378649378493,18.279455753379175,17.724202752715513
52.06,18.123215966678057,18.2785062854895,17.72340820041269
52.08,18.122847264616606,18.27755809054359,17.722614748630118
52.1,18.121598647266307,18.27661116676682,17.721822395785477
52.12,18.120424096840118,18.27566551238722,17.721031140298802
52.14,18.11966562393535,18.27472112563544,17.720240980592585
52.16,18.11859267013586,18.273778004744706,17.71945191509168
52.18,18.11821853847896,18.2728361479509,17.718663942223337
52.2,18.117256597559194,18.2718955534925,17.717877060417205
52.22,18.11671373007995,18.270956219610575,17.717091268105335
52.24,18.11577528811087,18.27001814454881,17.716306563722124
52.26,18.115429109866987,18.269081326553472,17.71552294570438
52.28,18.114594692259725,18.26814576387343,17.71474041249129
52.3,18.113699475740148,18.267211454760126,17.71395896252438
52.32,18.11274268997075,18.266278397467605,17.713178594247566
52.34,18.11203890911047,18.265346590252467,17.712399306107134
52.36,18.111010882617755,18.2644160313739,17.711621096551703
52.38,18.109400798793498,18.26348671909365,17.71084396403227
52.4,18.10890584639601,18.26255865167606,17.7100679070022
52.42,18.108147114924883,18.261631827388015,17.709292923917154
52.44,18.10748982379059,18.26070624449893,17.708519013235183
52.46,18.10678700647771,18.25978190128081,17.70774617341666
52.48,18.105661771019513,18.258858796008226,17.706974402924303
52.5,18.10445635267371,18.25793692695825,17.70620370022314
52.52,18.103504219958232,18.257016292410494,17.70543406378056
52.54,18.103239508131452,18.256096890647164,17.704665492066255
52.56,18.101811992854586,18.25517871995294,17.70389798355225
52.58,18.101529774033335,18.25426177861506,17.70313153671287
52.6,18.10099309101029,18.25334606492327,17.70236615002478
52.62,18.09932531878272,18.25243157716988,17.701601821966936
52.64,18.098703819919635,18.251518313649658,17.7008385510206
52.66,18.097454549066384,18.25060627265991,17.70007633566933
52.68,18.097069623630873,18.249695452500475,17.699315174399008
52.7,18.09610365407829,18.248785851473645,17.698555065697782
52.72,18.094903547052777,18.24787746788428,17.69779600805612
52.74,18.093842732602287,18.246970300039667,17.697037999966756
52.76,18.093197140940553,18.246064346249632,17.696281039924703
52.78,18.09193987316685,18.24515960482649,17.695525126427267
52.8,18.09078247534857,18.244256074085012,17.694770257974014
52.82,18.08990731832117,18.24335375234246,17.694016433066817
52.84,18.088650164002125,18.242452637918607,17.69326365020977
52.86,18.087774155855573,18.24155272913563,17.692511907909264
52.88,18.086924652249195,18.240654024318253,17.69176120467394
52.9,18.08617717731713,18.23975652179362,17.6910115390147
52.92,18.08527928947775,18.23886021989133,17.690262909444687
52.94,18.08433379296601,18.23796511694346,17.689515314479326
52.96,18.083543141224304,18.237071211284533,17.688768752636246
52.98,18.082571122335903,18.236178501251537,17.688023222435344
53.0,18.081568593976307,18.235286985183883,17.687278722398744
53.02,18.08037625842254,18.23439666142341,17.686535251050824
53.04,18.07909547360747,18.23350752831444,17.685792806918172
53.06,18.078230374278874,18.232619584203704,17.685051388529615
53.08,18.07692391744353,18.231732827440354,17.684310994416194
53.1,18.076147671854145,18.230847256375984,17.68357162311119
53.12,18.075708109104532,18.229962869364602,17.68283327315007
53.14,18.074947692995675,18.229079664762644,17.682095943070554
53.16,18.07357048169288,18.22819764092893,17.68135963141254
53.18,18.07238247978816,18.227316796224727,17.680624336718136
53.2,18.071483877070662,18.226437129013703,17.679890057531665
53.22,18.070928039775687,18.22555863766191,17.679156792399635
53.24,18.069675501728934,18.22468132053781,17.678424539870775
53.26,18.068773439986103,18.22380517601227,17.67769329849597
53.28,18.067850948632994,18.222930202458517,17.676963066828304
53.3,18.066981468598122,18.222056398252207,17.676233843423063
53.32,18.066407015488075,18.221183761771353,17.6755056268377
53.34,18.06595429688289,18.220312291396343,17.67477841563185
53.36,18.065061884458302,18.219441985509985,17.67405220836731
53.38,18.06464953301652,18.218572842497384,17.67332700360807
53.4,18.063999647122774,18.217704860746093,17.672602799920252
53.42,18.062900289927878,18.21683803864596,17.671879595872177
53.44,18.061937051818635,18.215972374589253,17.671157390034306
53.46,18.060893844402145,18.215107866970556,17.670436180979255
53.48,18.059623732784207,18.214244514186838,17.669715967281803
53.5,18.058959429227126,18.213382314637393,17.668996747518882
53.52,18.05827694687376,18.212521266723872,17.668278520269546
53.54,18.057692237298152,18.211661368850265,17.66756128411501
53.56,18.057057435773956,18.210802619422903,17.66684503763862
53.58,18.056004040502046,18.20994501685045,17.666129779425862
53.6,18.055609492590047,18.209088559543893,17.665415508064356
53.62,18.054527498440535,18.208233245916585,17.66470222214384
53.64,18.053522208028376,18.207379074384136,17.66398992025618
53.66,18.053078547823638,18.206526043364537,17.66327860099538
53.68,18.052530259286392,18.205674151278068,17.662568262957517
53.7,18.052002412654662,18.20482339654732,17.661858904740836
53.72,18.051649071304965,18.203973777597195,17.661150524945672
53.74,18.050259369534214,18.203125292854914,17.660443122174446
53.76,18.04918574249711,18.20227794074999,17.659736695031707
53.78,18.048730764532774,18.20143171971423,17.659031242124104
53.8,18.048105820528846,18.20058662818174,17.658326762060376
53.82,18.04723213350701,18.199742664588914,17.65762325345136
53.84,18.04631091280805,18.198899827374433,17.656920714909973
53.86,18.045769498586978,18.19805811497926,17.656219145051235
53.88,18.045994688468298,18.19721752584666,17.65551854249223
53.9,18.045174135201897,18.196378058422138,17.654818905852146
53.92,18.04434824398911,18.195539711153497,17.65412023375223
53.94,18.043588142225175,18.194702482490804,17.653422524815806
53.96,18.0423244811778,18.193866370886376,17.652725777668266
53.98,18.041507882557276,18.19303137479482,17.65202999093708
54.0,18.04080121156616,18.19219749267297,17.65133516325177
54.02,18.03992794336807,18.191364722979944,17.650641293243915
54.04,18.0392424678672,18.190533064177096,17.64994837954717
54.06,18.03822360817404,18.189702514728026,17.649256420797215
54.08,18.03799766460693,18.188873073098588,17.648565415631804
54.1,18.0376203705777,18.188044737756865,17.647875362690733
54.12,18.037196592455526,18.187217507173173,17.647186260615833
54.14,18.03666301792575,18.18639137982008,17.646498108050967
54.16,18.035996712558045,18.185566354172376,17.64581090364206
54.18,18.035124808257198,18.18474242870709,17.645124646037058
54.2,18.03426208485314,18.183919601903423,17.64443933388593
54.22,18.034152371308,18.183097872242865,17.64375496584068
54.24,18.033361512403395,18.182277238209064,17.64307154055533
54.26,18.032470257462467,18.18145769828792,17.64238905668592
54.28,18.031370129446067,18.18063925096753,17.64170751289054
54.3,18.030582029684386,18.17982189473818,17.64102690782923
54.32,18.030411641360903,18.17900562809237,17.640347240164097
54.34,18.02982422143719,18.178190449524806,17.639668508559232
54.36,18.02853778270156,18.177376357532385,17.638990711680734
54.38,18.02803825418618,18.176563350614188,17.638313848196688
54.4,18.027198053557676,18.175751427271486,17.637637916777212
54.42,18.02659278897419,18.17494058600774,17.636962916094372
54.44,18.025284835275226,18.174130825328593,17.636288844822268
54.46,18.02418424012132,18.17332214374186,17.635615701636965
54.48,18.023726257258804,18.17251453975752,17.634943485216507
54.5,18.023434707260172,18.171708011887755,17.63427219424094
54.52,18.02254264317761,18.17090255864687,17.633601827392262
54.54,18.022092621550993,18.170098178551367,17.632932383354476
54.56,18.021842117637014,18.169294870119913,17.632263860813538
54.58,18.021114643476952,18.168492631873306,17.631596258457375
54.6,18.020609578295115,18.167691462334503,17.630929574975873
54.62,18.020369901805957,18.166891360028632,17.630263809060903
54.64,18.019685728014903,18.16609232348295,17.629598959406266
54.66,18.01890082260246,18.16529435122686,17.628935024707737
54.68,18.018240036639806,18.164497441791916,17.62827200366304
54.7,18.01715210538672,18.163701593711775,17.62760989497185
54.72,18.016130250447514,18.16290680552228,17.626948697335784
54.74,18.015389357165787,18.162113075761354,17.626288409458404
54.76,18.01410679012372,18.161320402969082,17.625629030045218
54.78,18.01341215543774,18.16052878568767,17.624970557803657
54.8,18.012419581237396,18.159738222461407,17.6243129914431
54.82,18.01150828202975,18.158948711836743,17.623656329674866
54.84,18.01068003407107,18.158160252362215,17.623000571212163
54.86,18.009913105080994,18.157372842588497,17.622345714770162
54.88,18.009619560686676,18.156586481068317,17.621691759065932
54.9,18.008361599402864,18.155801166356582,17.621038702818485
54.92,18.007582147966545,18.15501689701022,17.620386544748726
54.94,18.00705141329853,18.154233671588322,17.61973528357948
54.96,18.00652008394613,18.153451488652024,17.619084918035476
54.98,18.006003320391134,18.152670346764584,17.618435446843357
55.0,18.005463461073738,18.151890244491334,17.61778686873167
55.02,18.004462349093433,18.151111180399692,17.617139182430854
55.04,18.003650954942785,18.150333153059158,17.61649238667325
55.06,18.002781979455335,18.149556161041293,17.615846480193085
55.08,18.002559869785863,18.148780202919763,17.615201461726496
55.1,18.0020245471998,18.148005277270276,17.614557330011486
55.12,18.001311792064914,18.14723138267062,17.613914083787943
55.14,18.00030481654176,18.146458517700655,17.613271721797677
55.16,17.99957035102334,18.145686680942283,17.612630242784313
55.18,17.999312275047036,18.144915870979478,17.611989645493402
55.2,17.99947880079923,18.14414608639826,17.611349928672336
55.22,17.998592096607506,18.14337732578671,17.6107110910704
55.24,17.99815345492897,18.14260958773495,17.61007313143873
55.26,17.99736979858833,18.14184287083515,17.609436048530352
55.28,17.99697465514824,18.14107717368151,17.608799841100097
55.3,17.99580872378905,18.140312494870287,17.60816450790472
55.32,17.995266677700787,18.13954883299976,17.60753004770278
55.34,17.994892117664673,18.138786186670252,17.60689645925471
55.36,17.993754239764257,18.138024554484097,17.606263741322806
55.38,17.99350735154166,18.137263935045684,17.605631892671177
55.4,17.992892166831105,18.136504326961376,17.605000912065787
55.42,17.9920832760931,18.135745728839616,17.60437079827445
55.44,17.991283081388833,18.134988139290808,17.603741550066815
55.46,17.990526732932345,18.134231556927414,17.603113166214353
55.48,17.989979082366453,18.133475980363873,17.602485645490383
55.5,17.98905450019001,18.132721408216625,17.60185898667002
55.52,17.988937073046912,18.131967839104174,17.601233188530255
55.54,17.987983304159506,18.13121527164696,17.60060824984986
55.56,17.987237058771026,18.130463704467427,17.599984169409435
55.58,17.98641477208804,18.129713136190055,17.59936094599141
55.6,17.98559547934076,18.128963565441275,17.598738578380015
55.62,17.98470766591994,18.128214990849518,17.59811706536129
55.64,17.984728049067776,18.127467411045213,17.597496405723092
55.66,17.98465600951891,18.126720824660755,17.59687659825508
55.68,17.983974333865458,18.12597523033052,17.59625764174871
55.7,17.98266860676808,18.12523062669086,17.595639534997243
55.72,17.98212708508268,18.124487012380108,17.595022276795735
55.74,17.980731105320732,18.123744386038567,17.594405865941024
55.76,17.97960941501614,18.123002746308487,17.593790301231763
55.78,17.978948009343746,18.12226209183409,17.59317558146837
55.8,17.978342483315846,18.121522421261588,17.592561705453047
55.82,17.977801473550596,18.120783733239083,17.5919486719898
55.84,17.977029860860817,18.12004602641671,17.591336479884394
55.86,17.97671236303757,18.119309299446506,17.59072512794438
55.88,17.97562254549289,18.118573550982468,17.590114614979075
55.9,17.97433220132905,18.117838779680543,17.589504939799568
55.92,17.973549808250997,18.117104984198594,17.588896101218737
55.94,17.973103661617888,18.116372163196477,17.588288098051176
55.96,17.972319141765187,18.11564031533592,17.587680929113294
55.98,17.971494627659123,18.114909439280638,17.587074593223225
56.0,17.97080492129545,18.114179533696245,17.586469089200882
56.02,17.969944955509895,18.113450597250296,17.585864415867903
56.04,17.96908589670272,18.11272262861225,17.585260572047716
56.06,17.968762830513285,18.111995626453517,17.58465755656545
56.08,17.96791871188398,18.111269589447396,17.584055368248034
56.1,17.967519388624307,18.110544516269126,17.583454005924086
56.12,17.966898576829674,18.109820405595837,17.582853468423995
56.14,17.966455386876728,18.109097256106583,17.582253754579874
56.16,17.965757409827933,18.10837506648232,17.581654863225584
56.18,17.965029185059354,18.107653835405905,17.58105679319671
56.2,17.964042176680643,18.106933561562087,17.580459543330562
56.22,17.963151524250474,18.106214243637538,17.579863112466178
56.24,17.962560238594268,18.105495880320785,17.57926749944432
56.26,17.962039962298093,18.10477847030229,17.57867270310746
56.28,17.96160193102736,18.10406201227437,17.578078722299825
56.3,17.960663587429867,18.103346504931242,17.5774855558673
56.32,17.959862171724108,18.10263194696901,17.576893202657526
56.34,17.95899830769188,18.101918337085642,17.576301661519842
56.36,17.95866974834449,18.101205673980992,17.575710931305288
56.38,17.957937458228745,18.100493956356797,17.57512101086661
56.4,17.95670231977213,18.099783182916646,17.57453189905825
56.42,17.956415565908866,18.099073352366,17.573943594736374
56.44,17.95636758664794,18.098364463412214,17.573356096758793
56.46,17.955926960947338,18.097656514764456,17.572769403985074
56.48,17.955228081344302,18.096949505133793,17.57218351527644
56.5,17.954756701655242,18.096243433233123,17.571598429495793
56.52,17.95443101397796,18.095538297777225,17.571014145507736
56.54,17.953539087311515,18.0948340974827,17.570430662178556
56.56,17.95217101064661,18.094130831068014,17.569847978376213
56.58,17.951579826064645,18.093428497253473,17.56926609297034
56.6,17.95088367752835,18.09272709476123,17.56868500483227
56.62,17.950861548057155,18.092026622315256,17.568104712834966
56.64,17.9498042119594,18.091327078641395,17.5675252158531
56.66,17.949468877158928,18.090628462467297,17.56694651276297
56.68,17.949090914395637,18.089930772522447,17.56636860244259
56.7,17.94863530256586,18.08923400753817,17.565791483771594
56.72,17.94806824136997,18.088538166247606,17.565215155631275
56.74,17.947165482535052,18.087843247385702,17.56463961690462
56.76,17.94673689045288,18.087149249689265,17.56406486647622
56.78,17.94632958612052,18.08645617189689,17.56349090323234
56.8,17.945553043416673,18.08576401274897,17.562917726060924
56.82,17.94579579185047,18.08507277098775,17.562345333851493
56.84,17.944814324312603,18.084382445357264,17.561773725495268
56.86,17.944170321469116,18.083693034603336,17.561202899885092
56.88,17.94351431579952,18.08300453747362,17.560632855915433
56.9,17.943266835305984,18.082316952717544,17.56006359248242
56.92,17.942847897310905,18.081630279086358,17.559495108483787
56.94,17.941581093118998,18.080944515333098,17.558927402818924
56.96,17.94124348865448,18.08025966021256,17.55836047438882
56.98,17.941031624072476,18.079575712481386,17.55779432209612
57.0,17.94021439341555,18.078892670897957,17.557228944845065
57.02,17.93994285684741,18.078210534222467,17.55666434154153
57.04,17.939258852101972,18.07752930121687,17.55610051109301
57.06,17.93858838126618,18.07684897064491,17.55553745240859
57.08,17.93732309831716,18.076169541272094,17.554975164399004
57.1,17.93632509231331,18.075491011865715,17.55441364597657
57.12,17.935800480893715,18.07481338119483,17.553852896055208
57.14,17.935246363685227,18.074136648030255,17.55329291355047
57.16,17.934712402965648,18.073460811144592,17.55273369737948
57.18,17.934306750952263,18.07278586931218,17.552175246460994
57.2,17.933724811672818,18.07211182130913,17.551617559715314
57.22,17.933069776376747,18.071438665913295,17.551060636064395
57.24,17.93268191186736,18.070766401904294,17.550504474431747
57.26,17.93179276467447,18.07009502806351,17.549949073742468
57.28,17.931084170296813,18.069424543174055,17.549394432923275
57.3,17.93025061767802,18.068754946020764,17.548840550902423
57.32,17.93004862618435,18.06808623539027,17.548287426609782
57.34,17.92949487614492,18.0674184100709,17.5477350589768
57.36,17.928747630168754,18.06675146885273,17.54718344693649
57.38,17.927906227702472,18.066085410527577,17.54663258942344
57.4,17.92748789121141,18.06542023388899,17.546082485373812
57.42,17.927060066960212,18.06475593773225,17.54553313372534
57.44,17.926264165950844,18.06409252085435,17.54498453341732
57.46,17.92622970209213,18.063429982054,17.544436683390618
57.48,17.925581616888508,18.062768320131674,17.543889582587653
57.5,17.925114431173032,18.06210753388952,17.54334322995242
57.52,17.92443001512559,18.061447622131425,17.542797624430452
57.54,17.923916824124966,18.06078858366298,17.54225276496884
57.56,17.923188063671198,18.060130417291486,17.54170865051624
57.58,17.922105909758972,18.059473121825953,17.541165280022856
57.6,17.921150527454607,18.05881669607711,17.540622652440412
57.62,17.92108340969849,18.058161138857354,17.540080766722205
57.64,17.920922557946934,18.05750644898083,17.539539621823085
57.66,17.920930371479837,18.056852625263353,17.538999216699388
57.68,17.920255066605026,18.056199666522414,17.538459550309053
57.7,17.920111033335058,18.055547571577247,17.537920621611494
57.72,17.919364153885113,18.05489633924872,17.53738242956772
57.74,17.91901210818888,18.054245968359428,17.536844973140212
57.76,17.918229036550283,18.05359645773363,17.536308251293015
57.78,17.917420618107247,18.05294780619729,17.535772262991678
57.8,17.916557975825572,18.052300012578012,17.5352370072033
57.82,17.915959462022542,18.05165307570511,17.534702482896467
57.84,17.915385340129784,18.051006994409573,17.534168689041312
57.86,17.914425396178085,18.05036176752403,17.53363562460946
57.88,17.91340680430832,18.049717393882823,17.533103288574065
57.9,17.912608991661703,18.04907387232192,17.532571679909797
57.92,17.912679983673623,18.048431201678973,17.532040797592817
57.94,17.91159469574274,18.04778938079329,17.531510640600803
57.96,17.911541154327605,18.04714840850586,17.530981207912923
57.98,17.910535358966374,18.04650828365928,17.530452498509877
58.0,17.90974712842456,18.045869005097842,17.529924511373835
58.02,17.909200615259916,18.04523057166748,17.52939724548848
58.04,17.9083726605856,18.044592982215764,17.528870699838976
58.06,17.907735195235016,18.04395623559194,17.528344873411985
58.08,17.906991454186716,18.04332033064686,17.527819765195677
58.1,17.90614362364883,18.042685266233033,17.52729537417968
58.12,17.90534703044843,18.042051041204623,17.526771699355123
58.14,17.90448234897616,18.041417654417398,17.526248739714607
58.16,17.90404348834555,18.04078510472878,17.525726494252236
58.18,17.904191690415345,18.040153390997826,17.525204961963563
58.2,17.903570217302146,18.039522512085217,17.524684141845658
58.22,17.903109898835783,18.03889246685325,17.524164032896998
58.24,17.9022363786548,18.03826325416586,17.5236446341176
58.26,17.902112280745097,18.03763487288859,17.523125944508912
58.28,17.901898198054344,18.037007321888602,17.522607963073863
58.3,17.9014585532441,18.0363806000347,17.52209068881684
58.32,17.901260927351636,18.03575470619727,17.52157412074368
58.34,17.900685491734546,18.035129639248318,17.521058257861704
58.36,17.900088065236993,18.03450539806148,17.520543099179683
58.38,17.89942997199973,18.033881981511957,17.520028643707832
58.4,17.898652938951525,18.03325938847659,17.519514890457828
58.42,17.897487005302363,18.03263761783382,17.519001838442794
58.44,17.89707492774959,18.03201666846366,17.518489486677307
58.46,17.896797820013507,18.03139653924774,17.517977834177394
58.48,17.896178711294436,18.030777229069283,17.51746687996051
58.5,17.896024649192945,18.0301587368131,17.516956623045555
58.52,17.895361440360823,18.029541061365585,17.516447062452883
58.54,17.895543141942625,18.02892420161474,17.51593819720427
58.56,17.895493304323086,18.028308156450127,17.51543002632295
58.58,17.894507461822766,18.0276929247629,17.51492254883355
58.6,17.892970809055427,18.0270785054458,17.51441576376216
58.62,17.891954046309976,18.02646489739314,17.513909670136275
58.64,17.891121025151833,18.025852099500803,17.513404266984853
58.66,17.89078847113754,18.02524011066624,17.51289955333823
58.68,17.89037000307001,18.024628929788484,17.512395528228193
58.7,17.8892585095713,18.02401855576813,17.511892190687938
58.72,17.889098999606958,18.023408987507356,17.511389539752074
58.74,17.88880915441439,18.022800223909865,17.51088757445664
58.76,17.88830160431787,18.022192263880953,17.510386293839066
58.78,17.887479131322852,18.021585106327464,17.50988569693821
58.8,17.88646165607879,18.02097875015779,17.50938578279434
58.82,17.88565998680818,18.020373194281888,17.508886550449116
58.84,17.884852544680356,18.019768437611262,17.508387998945597
58.86,17.88509781848011,18.019164479058958,17.50789012732827
58.88,17.88478118978325,18.018561317539582,17.507392934642997
58.9,17.883935640750725,18.01795895196927,17.506896419937053
58.92,17.882643900272864,18.017357381265718,17.506400582259097
58.94,17.881992560191286,18.016756604348117,17.50590542065918
58.96,17.881257032893654,18.01615662013727,17.505410934188756
58.98,17.880893945655306,18.015557427555454,17.504917121900647
59.0,17.879980308509772,18.01495902552648,17.504423982849094
59.02,17.879545707330074,18.014361412975713,17.503931516089693
59.04,17.87894517527825,18.013764588830067,17.503439720679424
59.06,17.87787584443422,18.013168552017913,17.502948595676656
59.08,17.8774593032619,18.012573301469196,17.502458140141137
59.1,17.87679881364469,18.011978836115368,17.501968353133996
59.12,17.876476346795805,18.0113851548894,17.501479233717717
59.14,17.875622211669103,18.01079225672579,17.50099078095616
59.16,17.874570086426502,18.010200140560535,17.500502993914576
59.18,17.87426729742224,18.009608805331137,17.50001587165955
59.2,17.87358694497892,18.00901824997663,17.499529413259058
59.22,17.87325381719299,18.008428473437544,17.49904361778242
59.24,17.872634989048326,18.0078394746559,17.498558484300336
59.26,17.871921044419043,18.00725125257524,17.498074011884846
59.28,17.87160689667307,18.006663806140605,17.497590199609363
59.3,17.87104033938192,18.006077134298526,17.49710704654862
59.32,17.870458175624123,18.00549123599703,17.496624551778766
59.34,17.869808721408713,18.004906110185644,17.496142714377235
59.36,17.86926228536751,18.00432175581537,17.495661533422847
59.38,17.868412970508736,18.003738171838705,17.495181007995757
59.4,17.86789736513994,18.00315535720966,17.494701137177458
59.42,17.867360056515093,18.0025733108837,17.49422192005079
59.44,17.866728160334507,18.00199203181777,17.49374335569994
59.46,17.865613174060908,18.001411518970304,17.49326544321042
59.48,17.865141241859302,18.000831771301225,17.492788181669074
59.5,17.86446251786384,18.00025278777191,17.49231157016411
59.52,17.864076795262516,17.99967456734522,17.491835607785035
59.54,17.864080416054957,17.999097108985485,17.49136029362269
59.56,17.863315276370106,17.99852041165852,17.490885626769256
59.58,17.86325078677363,17.997944474331558,17.49041160631823
59.6,17.86287818946863,17.997369295973357,17.48993823136443
59.62,17.862540920899452,17.996794875554098,17.489465501004013
59.64,17.862127816909467,17.99622121204542,17.488993414334416
59.66,17.862080342217546,17.99564830442044,17.48852197045445
59.68,17.860854971265248,17.99507615165373,17.488051168464196
59.7,17.86072083838236,17.9945047527213,17.487581007465053
59.72,17.860122234043736,17.993934106600612,17.487111486559744
59.74,17.859326962947616,17.993364212270595,17.486642604852296
59.76,17.858869542274228,17.99279506871159,17.486174361448047
59.78,17.85815105182944,17.992226674905435,17.485706755453624
59.8,17.857626394662944,17.991659029835343,17.48523978597697
59.82,17.857639975748977,17.991092132486028,17.484773452127346
59.84,17.857108035878056,17.990525981843604,17.48430775301527
59.86,17.856486862309858,17.989960576895637,17.483842687752574
59.88,17.856106267981136,17.989395916631132,17.483378255452415
59.9,17.855805455372973,17.988832000040492,17.482914455229203
59.92,17.855845228477147,17.988268826115597,17.48245128619865
59.94,17.855057447859465,17.987706393849713,17.481988747477757
59.96,17.854114044533166,17.98714470223757,17.481526838184823
59.98,17.853597500529617,17.98658375027525,17.48106555743942
60.0,17.853027147990638,17.98602353696036,17.4806049043624
60.02,17.85208739845252,17.98546406129184,17.48014487807591
60.04,17.8516485999738,17.984905322270077,17.479685477703363
60.06,17.8509775058978,17.984347318896866,17.47922670236944
60.08,17.850434645340577,17.983790050175422,17.478768551200137
60.1,17.850227038238753,17.98323351511038,17.478311023322664
60.12,17.84948308589927,17.982677712707755,17.47785411786556
60.14,17.848059504823283,17.98212264197497,17.477397833958584
60.16,17.847224236084767,17.98156830192088,17.476942170732798
60.18,17.84719178607851,17.981014691555718,17.476487127320507
60.2,17.84584311760274,17.98046180989112,17.47603270285529
60.22,17.84533581498041,17.979909655940123,17.47557889647197
60.24,17.844783149966887,17.979358228717164,17.475125707306667
60.26,17.84354557916744,17.978807527238057,17.47467313449672
60.28,17.842951622937846,17.97825755052001,17.474221177180738
60.3,17.842603306794704,17.97770829758164,17.473769834498576
60.32,17.842798870548638,17.97715976744292,17.473319105591358
60.34,17.842491379199824,17.976611959125243,17.47286898960143
60.36,17.841994921064682,17.976064871651346,17.472419485672425
60.38,17.841917863076596,17.975518504045382,17.471970592949177
60.4,17.840963627087692,17.97497285533285,17.471522310577793
60.42,17.840274094181126,17.974427924540652,17.471074637705613
60.44,17.840063329268467,17.973883710697045,17.47062757348121
60.46,17.839442554313404,17.97334021283167,17.470181117054416
60.48,17.838911529237237,17.972797429975536,17.469735267576272
60.5,17.838284287729962,17.972255361161015,17.46929002419907
60.52,17.83758000156212,17.97171400542186,17.468845386076325
60.54,17.837230346213854,17.971173361793152,17.468401352362797
60.56,17.836325774061088,17.97063342931137,17.467957922214453
60.58,17.83599990136694,17.970094207014352,17.467515094788514
60.6,17.835964204161677,17.969555693941263,17.467072869243385
60.62,17.834752823017226,17.969017889132644,17.466631244738743
60.64,17.834352089722934,17.9684807916304,17.466190220435443
60.66,17.833467739377475,17.967944400477784,17.465749795495594
60.68,17.833737216502282,17.967408714719365,17.465309969082483
60.7,17.833536330352747,17.9668737334011,17.46487074036065
60.72,17.83295206485566,17.96633945557027,17.464432108495828
60.74,17.832510623133793,17.96580588027552,17.463994072654966
60.76,17.83278886500283,17.965273006566807,17.46355663200622
60.78,17.832294128746675,17.964740833495448,17.46311978571896
60.8,17.830854918683727,17.964209360114094,17.462683532963755
60.82,17.831091730573664,17.96367858547672,17.46224787291238
60.84,17.831008673223113,17.96314850863867,17.461812804737818
60.86,17.830175127324587,17.962619128656566,17.461378327614238
60.88,17.82973273586522,17.962090444588412,17.46094444071702
60.9,17.82943778400835,17.961562455493485,17.460511143222742
60.92,17.829343237785633,17.96103516043245,17.46007843430917
60.94,17.827886052289394,17.96050855846724,17.459646313155268
60.96,17.827682627201614,17.959982648661146,17.459214778941174
60.98,17.827085499896544,17.959457430078746,17.458783830848247
61.0,17.82618517536066,17.958932901785982,17.458353468059006
61.02,17.826336870360286,17.95840906285005,17.457923689757163
61.04,17.825657181295195,17.957885912339524,17.457494495127623
61.06,17.825032684919528,17.95736344932425,17.457065883356456
61.08,17.824509980913575,17.95684167287539,17.456637853630923
61.1,17.823791782955805,17.956320582065416,17.45621040513948
61.12,17.823163784452916,17.955800175968104,17.455783537071724
61.14,17.822636872298123,17.955280453658546,17.455357248618448
61.16,17.821951624715545,17.954761414213113,17.45493153897163
61.18,17.821940194333266,17.954243056709494,17.454506407324367
61.2,17.821895943865066,17.953725380226683,17.454081852870992
61.22,17.821220162296378,17.95320838384494,17.453657874806975
61.24,17.82067989986308,17.952692066645856,17.453234472328933
61.26,17.820343513579274,17.952176427712274,17.452811644634682
61.28,17.820282311361424,17.951661466128368,17.452389390923184
61.3,17.81993557629808,17.951147180979557,17.45196771039456
61.32,17.819415621145588,17.950633571352604,17.45154660225008
61.34,17.818947735215374,17.950120636335484,17.451126065692186
61.36,17.818079349163728,17.949608375017526,17.450706099924485
61.38,17.816976740372404,17.94909678648929,17.4502867041517
61.4,17.816310688880478,17.948585869842635,17.449867877579752
61.42,17.815640686955273,17.948075624170695,17.449449619415674
61.44,17.81470817920176,17.94756604856786,17.44903192886767
61.46,17.813733076513547,17.94705714212984,17.44861480514507
61.48,17.813457794671912,17.94654890395357,17.448198247458365
61.5,17.81287433054186,17.946041333137256,17.447782255019195
61.52,17.81192319171628,17.945534428780423,17.447366827040312
61.54,17.811876555628576,17.945028189983784,17.446951962735632
61.56,17.81055981582092,17.944522615849383,17.446537661320207
61.58,17.810216392241863,17.944017705480487,17.446123922010212
61.6,17.809672605599946,17.943513457981624,17.445710744022957
61.62,17.809302723367818,17.943009872458607,17.445298126576905
61.64,17.808711810436886,17.94250694801849,17.44488606889163
61.66,17.808176146138504,17.94200468376956,17.44447457018783
61.68,17.80736207709156,17.94150307882138,17.444063629687346
61.7,17.807056135063853,17.941002132284776,17.443653246613138
61.72,17.8070032396883,17.94050184327178,17.443243420189294
61.74,17.806479547232364,17.94000221089571,17.44283414964101
61.76,17.8063483136343,17.93950323427112,17.44242543419462
61.78,17.805738724706416,17.939004912513788,17.44201727307756
61.8,17.80529368436419,17.938507244740748,17.441609665518396
61.82,17.80487012082917,17.938010230070265,17.4412026107468
61.84,17.804424362115896,17.937513867621874,17.440796107993567
61.86,17.803672474359413,17.937018156516288,17.440390156490587
61.88,17.803162040177064,17.936523095875515,17.43998475547088
61.9,17.802323936974346,17.93602868482274,17.439579904168564
61.92,17.80196695507957,17.935534922482415,17.43917560181886
61.94,17.801676477348664,17.93504180798019,17.438771847658103
61.96,17.80159052364853,17.934549340443002,17.438368640923716
61.98,17.800940131512775,17.93405751899893,17.437965980854248
62.0,17.800379571485472,17.933566342777336,17.437563866689327
62.02,17.800562411296458,17.93307581090876,17.437162297669683
62.04,17.800200947748795,17.93258592252501,17.436761273037142
62.06,17.799629726313,17.93209667675908,17.436360792034638
62.08,17.79917901549389,17.93160807274517,17.435960853906188
62.1,17.799110706300347,17.931120109618725,17.43556145789689
62.12,17.798662745569946,17.930632786516377,17.435162603252945
62.14,17.798482513310713,17.93014610257597,17.434764289221654
62.16,17.798115973194008,17.929660056936576,17.434366515051373
62.18,17.79741661296634,17.929174648738456,17.433969279991558
62.2,17.7971800543161,17.928689877123063,17.43357258329276
62.22,17.796601622342212,17.92820574123309,17.433176424206597
62.24,17.79605563196567,17.92772224021241,17.43278080198577
62.26,17.79555836482142,17.92723937320608,17.432385715884063
62.28,17.794804689004632,17.92675713936038,17.431991165156326
62.3,17.79486571489247,17.926275537822786,17.431597149058497
62.32,17.79440711402744,17.92579456774194,17.431203666847573
62.34,17.79377408958453,17.9253142282677,17.430810717781643
62.36,17.793395734710682,17.924834518551098,17.43041830111984
62.38,17.792848802545254,17.924355437744396,17.430026416122384
62.4,17.792529816331847,17.92387698500099,17.429635062050547
62.42,17.79258864642351,17.923399159475487,17.429244238166703
62.44,17.792557889896187,17.92292196032367,17.428853943734232
62.46,17.79229101506655,17.92244538670251,17.428464178017627
62.48,17.791709210212414,17.921969437770155,17.428074940282404
62.5,17.79134672882791,17.92149411268593,17.427686229795164
62.52,17.791218077649248,17.92101941061035,17.427298045823555
62.54,17.79067504370046,17.92054533070507,17.426910387636276
62.56,17.790338362704183,17.920071872132954,17.426523254503078
62.58,17.78914257740138,17.919599034058027,17.42613664569478
62.6,17.788248825138105,17.919126815645477,17.425750560483245
62.62,17.78738620835577,17.918655216061655,17.42536499814137
62.64,17.787358242634827,17.918184234474086,17.424979957943115
62.66,17.78649785190776,17.917713870051465,17.42459543916349
62.68,17.785814368291067,17.91724412196364,17.42421144107853
62.7,17.7850162087669,17.916774989381626,17.423827962965337
62.72,17.78499462029943,17.916306471477586,17.423445004102028
62.74,17.784271165182517,17.915838567424853,17.42306256376778
62.76,17.784008546305103,17.91537127639791,17.422680641242795
62.78,17.78396692710902,17.914904597572402,17.42229923580832
62.8,17.783314145489737,17.914438530125107,17.421918346746637
62.82,17.782644205619505,17.913973073233972,17.421537973341046
62.84,17.78218209209121,17.913508226078083,17.4211581148759
62.86,17.782277740390537,17.913043987837693,17.420778770636574
62.88,17.78203155330054,17.912580357694146,17.42039993990947
62.9,17.782049638828877,17.912117334830004,17.420021621982002
62.92,17.781883492022207,17.911654918428916,17.41964381614263
62.94,17.781683607347855,17.911193107675693,17.419266521680846
62.96,17.781205647031545,17.910731901756282,17.418889737887138
62.98,17.781068882724423,17.910271299857776,17.418513464053024
63.0,17.78089126873567,17.90981130116838,17.418137699471053
63.02,17.780290274576668,17.909351904877454,17.41776244343477
63.04,17.779852909102956,17.908893110175473,17.41738769523876
63.06,17.77931361478052,17.908434916254052,17.41701345417861
63.08,17.778975755532052,17.90797732230595,17.416639719550908
63.1,17.77892144083411,17.907520327525024,17.416266490653282
63.12,17.77874995929326,17.90706393110627,17.415893766784343
63.14,17.778279367380424,17.906608132245804,17.41552154724373
63.16,17.77765448910967,17.906152930140877,17.415149831332073
63.18,17.777138094160907,17.905698323989835,17.414778618351022
63.2,17.776800902602204,17.905244312992174,17.414407907603216
63.22,17.776794778365257,17.904790896348473,17.414037698392306
63.24,17.776595039971706,17.904338073260455,17.41366799002294
63.26,17.77613913515351,17.90388584293095,17.413298781800776
63.28,17.77536993224279,17.903434204563883,17.412930073032452
63.3,17.774872401034234,17.902983157364307,17.412561863025605
63.32,17.774668140665867,17.902532700538377,17.41219415108889
63.34,17.774425666975272,17.902082833293356,17.411826936531916
63.36,17.77413081509551,17.90163355483763,17.41146021866533
63.38,17.77404325289641,17.90118486438063,17.411093996800712
63.4,17.773921105785835,17.90073676113298,17.41072827025069
63.42,17.773507443022844,17.900289244306336,17.410363038328843
63.44,17.7736934880415,17.899842313113457,17.40999830034974
63.46,17.77328148812496,17.89939596676824,17.409634055628946
63.48,17.773019683215583,17.89895020448564,17.409270303483005
63.5,17.772793731253103,17.898505025481708,17.40890704322943
63.52,17.77242127875085,17.89806042897362,17.408544274186724
63.54,17.772242908030826,17.89761641417961,17.40818199567437
63.56,17.7712104414327,17.897172980319013,17.407820207012833
63.58,17.77094259213905,17.896730126612255,17.407458907523523
63.6,17.771083457078735,17.896287852280846,17.40709809652886
63.62,17.771172760908954,17.895846156547364,17.406737773352226
63.64,17.771179668878872,17.8954050386355,17.406377937317963
63.66,17.770391493266814,17.894964497770015,17.406018587751397
63.68,17.770788298159328,17.894524533176728,17.405659723978797
63.7,17.7698365404949,17.894085144082563,17.405301345327437
63.72,17.769235098128124,17.893646329715512,17.404943451125522
63.74,17.768579734138417,17.893208089304636,17.40458604070224
63.76,17.768706707988716,17.892770422080083,17.404229113387725
63.78,17.76765898891492,17.892333327273054,17.403872668513095
63.8,17.76720562643545,17.89189680411584,17.403516705410404
63.82,17.767039945626234,17.891460851841792,17.403161223412678
63.84,17.767155760467077,17.891025469685314,17.40280622185389
63.86,17.766511582278522,17.8905906568819,17.402451700068973
63.88,17.765580566881667,17.89015641266809,17.40209765739382
63.9,17.7650785380308,17.889722736281506,17.40174409316526
63.92,17.764119005704718,17.8892896269608,17.401391006721084
63.94,17.763832603252066,17.888857083945712,17.40103839740003
63.96,17.76395808857795,17.888425106477026,17.400686264541786
63.98,17.762828647974846,17.88799369379658,17.400334607486972
64.0,17.762998202168525,17.887562845147283,17.399983425577187
64.02,17.763042887623694,17.887132559773075,17.399632718154923
64.04,17.762599980776805,17.886702836918953,17.399282484563667
64.06,17.761919391148684,17.88627367583099,17.3989327241478
64.08,17.76149568577056,17.885845075756265,17.39858343625268
64.1,17.761928630574946,17.885417035942922,17.398234620224578
64.12,17.761637161898907,17.884989555640182,17.397886275410706
64.14,17.761245220129872,17.884562634098245,17.39753840115922
64.16,17.760792537562008,17.88413627056842,17.3971909968192
64.18,17.760229988563825,17.883710464303,17.396844061740666
64.2,17.759959152826607,17.88328521455536,17.39649759527456
64.22,17.75880390167799,17.8828605205799,17.396151596772768
64.24,17.758265930583878,17.88243638163203,17.395806065588072
64.26,17.757479070613236,17.882012796968237,17.395461001074228
64.28,17.757576254047965,17.88158976584601,17.395116402585874
64.3,17.757113750324333,17.881167287523883,17.394772269478597
64.32,17.756667314025304,17.880745361261422,17.39442860110889
64.34,17.757004739009755,17.880323986319212,17.394085396834182
64.36,17.756978302972794,17.879903161958858,17.393742656012815
64.38,17.756228551991768,17.87948288744303,17.393400378004042
64.4,17.755880103601747,17.87906316203537,17.393058562168047
64.42,17.755718739578956,17.878643985000576,17.39271720786591
64.44,17.75547550821683,17.878225355604364,17.392376314459657
64.46,17.754894042060446,17.877807273113447,17.39203588131219
64.48,17.75441130506734,17.87738973679559,17.39169590778734
64.5,17.75385668412604,17.87697274591955,17.391356393249865
64.52,17.753173737190938,17.8765562997551,17.391017337065385
64.54,17.752963299894308,17.87614039757305,17.39067873860047
64.56,17.752471673943464,17.87572503864519,17.390340597222586
64.58,17.751776529919862,17.875310222244334,17.390002912300087
64.6,17.751696849227365,17.874895947644315,17.389665683202246
64.62,17.75149987957251,17.874482214119965,17.389328909299238
64.64,17.750664045947072,17.87406902094712,17.38899258996212
64.66,17.750225106366628,17.87365636740262,17.388656724562882
64.68,17.749633406130812,17.873244252764316,17.38832131247437
64.7,17.74913266971525,17.872832676311056,17.38798635307037
64.72,17.748589334648255,17.872421637322685,17.387651845725525
64.74,17.748525703023702,17.872011135080054,17.387317789815388
64.76,17.748260813798336,17.87160116886501,17.3869841847164
64.78,17.748128730630754,17.871191737960384,17.386651029805908
64.8,17.747745586855718,17.870782841650023,17.38631832446213
64.82,17.746761676764457,17.870374479218746,17.385986068064174
64.84,17.747006121618313,17.86996664995238,17.385654259992055
64.86,17.746521266583255,17.869559353137724,17.38532289962664
64.88,17.74633412566006,17.86915258806259,17.38499198634971
64.9,17.746371163358884,17.868746354015762,17.38466151954392
64.92,17.74593777282463,17.868340650287,17.384331498592797
64.94,17.746058323986734,17.867935476167062,17.38400192288075
64.96,17.7457605084998,17.8675308309477,17.383672791793092
64.98,17.74535356229435,17.867126713921625,17.383344104715974
65.0,17.7450340950202,17.866723124382535,17.383015861036466
65.02,17.74458323471495,17.866320061625107,17.382688060142467
65.04,17.743640510431128,17.86591752494501,17.38236070142278
65.06,17.74268632016572,17.865515513638858,17.382033784267083
65.08,17.742066245739807,17.86511402700428,17.38170730806591
65.1,17.741893235638987,17.86471306433983,17.381381272210664
65.12,17.7414141727436,17.864312624945082,17.381055676093627
65.14,17.741533323837665,17.863912708120534,17.380730519107953
65.16,17.740333472344073,17.863513313167694,17.380405800647637
65.18,17.73974900143707,17.863114439389,17.380081520107577
65.2,17.738983358329957,17.862716086087882,17.379757676883482
65.22,17.738734366441687,17.862318252568745,17.37943427037198
65.24,17.738506228031614,17.861920938136905,17.379111299970507
65.26,17.73846798999862,17.861524142098705,17.378788765077402
65.28,17.738024895020665,17.86112786376139,17.378466665091846
65.3,17.73786056404407,17.860732102433204,17.37814499941387
65.32,17.737313842852796,17.860336857423334,17.377823767444355
65.34,17.736941318324817,17.85994212804193,17.377502968585055
65.36,17.736620703360714,17.85954791360007,17.377182602238577
65.38,17.73653301987892,17.859154213409823,17.376862667808346
65.4,17.73615901494779,17.858761026784187,17.376543164698695
65.42,17.735897035739217,17.858368353037115,17.37622409231475
65.44,17.735597634892837,17.857976191483512,17.37590545006252
65.46,17.735722427975027,17.85758454143922,17.375587237348842
65.48,17.73584146395169,17.85719340222105,17.375269453581407
65.5,17.734973525981435,17.85680277314674,17.374952098168762
65.52,17.735013359880842,17.856412653534957,17.37463517052026
65.54,17.734867094135282,17.85602304270535,17.374318670046144
65.56,17.734634419563736,17.855633939978475,17.37400259615746
65.58,17.734013276584466,17.855245344675843,17.373686948266094
65.6,17.733624131510986,17.854857256119907,17.373371725784796
65.62,17.733994068942714,17.85446967363404,17.37305692812713
65.64,17.733565575701885,17.85408259654256,17.372742554707518
65.66,17.733471893764033,17.85369602417072,17.372428604941188
65.68,17.73298627067559,17.85330995584471,17.372115078244214
65.7,17.732078136179542,17.85292439089163,17.371801974033513
65.72,17.731460749677684,17.85253932863954,17.3714892917268
65.74,17.731677819548302,17.852154768417414,17.371177030742658
65.76,17.731266817211566,17.85177070955515,17.370865190500474
65.78,17.73145971359105,17.851387151383555,17.370553770420457
65.8,17.7311917653525,17.85100409323442,17.37024276992368
65.82,17.73068698857012,17.85062153444038,17.369932188431978
65.84,17.72974486255724,17.85023947433506,17.369622025368056
65.86,17.728636693681263,17.84985791225296,17.369312280155434
65.88,17.72832302210107,17.849476847529523,17.369002952218445
65.9,17.728055508677496,17.8490962795011,17.368694040982234
65.92,17.72781925461406,17.84871620750496,17.368385545872773
65.94,17.727896503206658,17.84833663087929,17.368077466316855
65.96,17.727384753321193,17.8479575489632,17.367769801742078
65.98,17.726901622623686,17.84757896109668,17.367462551576867
66.0,17.72693731883334,17.847200866620664,17.367155715250444
66.02,17.726354359475256,17.846823264876992,17.366849292192857
66.04,17.726547823315673,17.846446155208394,17.366543281834957
66.06,17.726508143132637,17.846069536958513,17.36623768360841
66.08,17.72618845071033,17.84569340947192,17.36593249694568
66.1,17.726183124654117,17.845317772094056,17.36562772128005
66.12,17.725890634689886,17.844942624171303,17.3653233560456
66.14,17.72567931653905,17.844567965050906,17.36501940067723
66.16,17.72552533024212,17.84419379408104,17.36471585461063
66.18,17.724425350949797,17.843820110610768,17.364412717282274
66.2,17.724523694246862,17.843446913990043,17.364109988129478
66.22,17.7242175076821,17.84307420356974,17.363807666590343
66.24,17.723936258340355,17.842701978701587,17.363505752103737
66.26,17.72316994856735,17.842330238738263,17.36320424410938
66.28,17.72249758534281,17.841958983033287,17.362903142047735
66.3,17.72150445878859,17.84158821094109,17.362602445360096
66.32,17.721448642544384,17.841217921817005,17.362302153488553
66.34,17.720855817985118,17.84084811501725,17.362002265875958
66.36,17.72047997501936,17.8404787898989,17.361702781965977
66.38,17.71965981188209,17.84010994581997,17.361403701203063
66.4,17.718703988870633,17.8397415821393,17.36110502303245
66.42,17.718525229355922,17.83937369821666,17.360806746900177
66.44,17.718326831832723,17.839006293412698,17.36050887225306
66.46,17.71749431086286,17.83863936708891,17.3602113985387
66.48,17.717211464206006,17.83827291860771,17.35991432520547
66.5,17.717144640613707,17.83790694733236,17.35961765170255
66.52,17.716463442633458,17.837541452627033,17.359321377479898
66.54,17.715753989934807,17.83717643385674,17.35902550198824
66.56,17.715468415908568,17.8368118903874,17.358730024679076
66.58,17.715386968942717,17.836447821585786,17.358434945004717
66.6,17.714785910874305,17.836084226819544,17.358140262418225
66.62,17.713991617157184,17.835721105457203,17.357845976373447
66.64,17.713428542572753,17.83535845686816,17.357552086325004
66.66,17.712893390617538,17.83499628042266,17.357258591728282
66.68,17.712384190537005,17.834634575491833,17.356965492039453
66.7,17.71195141252236,17.834273341447687,17.356672786715464
66.72,17.7116505941734,17.833912577663078,17.356380475214017
66.74,17.71093387262208,17.83355228351171,17.356088556993598
66.76,17.710661261838283,17.833192458368185,17.355797031513443
66.78,17.710095314347722,17.832833101607932,17.355505898233577
66.8,17.709838281582755,17.832474212607288,17.355215156614772
66.82,17.709187473764764,17.832115790743384,17.354924806118586
66.84,17.708843009990495,17.83175783539425,17.354634846207325
66.86,17.70882808302602,17.831400345938764,17.35434527634406
66.88,17.708662095659648,17.831043321756674,17.354056095992622
66.9,17.70874609159538,17.830686762228535,17.353767304617616
66.92,17.708687124201706,17.8303306667358,17.353478901684383
66.94,17.708222546538867,17.82997503466077,17.35319088665904
66.96,17.70766676897968,17.829619865386572,17.35290325900846
66.98,17.707266724243162,17.829265158297186,17.352616018200262
67.0,17.70687309237042,17.828910912777452,17.352329163702827
67.02,17.706753582265886,17.82855712821306,17.352042694985293
67.04,17.70661523030122,17.828203803990537,17.351756611517544
67.06,17.7064885413359,17.827850939497235,17.351470912770207
67.08,17.706213117252506,17.827498534121386,17.351185598214688
67.1,17.705737951853322,17.82714658725203,17.350900667323106
67.12,17.706041149637255,17.826795098279074,17.35061611956836
67.14,17.705664332705567,17.826444066593247,17.350331954424068
67.16,17.704976059437744,17.8260934915861,17.350048171364623
67.18,17.704458869687326,17.825743372650063,17.349764769865143
67.2,17.703452496514576,17.825393709178375,17.349481749401477
67.22,17.70331575816856,17.825044500565113,17.349199109450257
67.24,17.702736919623423,17.82469574620518,17.34891684948882
67.26,17.70221781621625,17.824347445494322,17.348634968995267
67.28,17.701892774603305,17.823999597829104,17.348353467448415
67.3,17.701700164757384,17.82365220260694,17.348072344327843
67.32,17.701209618298353,17.823305259226036,17.347791599113844
67.34,17.70043267116723,17.822958767085485,17.34751123128747
67.36,17.700380492569884,17.822612725585127,17.347231240330494
67.38,17.699948524675992,17.822267134125692,17.34695162572542
67.4,17.699980325914215,17.821921992108702,17.346672386955504
67.42,17.69986120341827,17.82157729893652,17.346393523504705
67.44,17.699724616177757,17.8212330540123,17.34611503485773
67.46,17.699159035433016,17.82088925674005,17.34583692050002
67.48,17.69929942693441,17.82054590652457,17.345559179917732
67.5,17.698849411370954,17.820203002771493,17.345281812597754
67.52,17.69874309544869,17.819860544887263,17.345004818027714
67.54,17.69899804411241,17.81951853227914,17.344728195695943
67.56,17.698738436378925,17.819176964355194,17.344451945091503
67.58,17.698359091383903,17.81883584052432,17.344176065704186
67.6,17.69794882951924,17.8184951601962,17.343900557024504
67.62,17.697513755690235,17.81815492278136,17.34362541854369
67.64,17.697495203064587,17.81781512769111,17.343350649753695
67.66,17.697074352546565,17.817475774337574,17.343076250147167
67.68,17.69689336443478,17.817136862133676,17.34280221921753
67.7,17.69615817973209,17.81679839049316,17.34252855645886
67.72,17.69613601874685,17.816460358830582,17.34225526136598
67.74,17.695823171968236,17.81612276656127,17.34198233343444
67.76,17.695324845895446,17.815785613101376,17.34170977216047
67.78,17.69443522026213,17.815448897867856,17.34143757704103
67.8,17.69418464875453,17.81511262027845,17.3411657475738
67.82,17.693841645430105,17.81477677975171,17.34089428325716
67.84,17.69356108144931,17.81444137570698,17.340623183590196
67.86,17.69286272947314,17.8141064075644,17.340352448072714
67.88,17.693037413996446,17.81377187474492,17.34008207620521
67.9,17.69237815531019,17.81343777667025,17.339812067488904
67.92,17.691933029817836,17.81310411276293,17.3395424214257
67.94,17.691633094645628,17.81277088244627,17.339273137518237
67.96,17.691354567865943,17.81243808514438,17.33900421526983
67.98,17.691091375383373,17.812105720282165,17.3387356541845
68.0,17.69101931610813,17.811773787285293,17.33846745376698
68.02,17.690343802894386,17.81144228558024,17.33819961352269
68.04,17.69028608173198,17.811111214594284,17.337932132957768
68.06,17.690333637771104,17.81078057375544,17.337665011579027
68.08,17.689916367563264,17.810450362492567,17.337398248893994
68.1,17.689309072299494,17.810120580235246,17.337131844410873
68.12,17.689104891199957,17.80979122641389,17.33686579763858
68.14,17.689153551035105,17.809462300459664,17.336600108086728
68.16,17.68900514121938,17.809133801804517,17.3363347752656
68.18,17.68818022239573,17.808805729881197,17.33606979868619
68.2,17.687450119128663,17.808478084123188,17.335805177860177
68.22,17.687002570891003,17.808150863964798,17.335540912299937
68.24,17.68669836209377,17.807824068841075,17.335277001518516
68.26,17.686308387508475,17.807497698187845,17.335013445029656
68.28,17.686459203182483,17.807171751441725,17.3347502423478
68.3,17.685929005893826,17.806846228040087,17.33448739298806
68.32,17.68588396083557,17.806521127421085,17.33422489646623
68.34,17.685740211042866,17.80619644902363,17.333962752298813
68.36,17.68548534750389,17.805872192287413,17.333700960002957
68.38,17.685657078886205,17.805548356652892,17.333439519096515
68.4,17.685023494682515,17.805224941561274,17.333178429098023
68.42,17.684412011451837,17.80490194645455,17.33291768952669
68.44,17.684003425239904,17.80457937077548,17.33265729990239
68.46,17.683399946709923,17.80425721396756,17.332397259745708
68.48,17.68270250698757,17.803935475475065,17.332137568577874
68.5,17.682477826266307,17.80361415474304,17.331878225920793
68.52,17.683090861857384,17.803293251217266,17.331619231297083
68.54,17.682587899651075,17.8029727643443,17.33136058422999
68.56,17.682112161076173,17.802652693571456,17.331102284243453
68.58,17.682006605416206,17.802333038346795,17.330844330862085
68.6,17.68179952433585,17.802013798119145,17.330586723611162
68.62,17.680997850576805,17.80169497233807,17.330329462016632
68.64,17.680822786443024,17.8013765604539,17.330072545605116
68.66,17.680218817631633,17.801058561917728,17.329815973903898
68.68,17.680160524203405,17.80074097618137,17.329559746440932
68.7,17.679992028260884,17.80042380269742,17.329303862744833
68.72,17.679995234892637,17.800107040919194,17.329048322344878
68.74,17.679829649930696,17.799790690300792,17.328793124771018
68.76,17.679550818680568,17.799474750297012,17.32853826955386
68.78,17.67927841521393,17.799159220363443,17.328283756224675
68.8,17.67809531709346,17.798844099956394,17.328029584315395
68.82,17.677069414313042,17.798529388532923,17.327775753358612
68.84,17.676629371986373,17.79821508555083,17.32752226288756
68.86,17.675988304345253,17.79790119046865,17.32726911243617
68.88,17.6760775456244,17.797587702745677,17.327016301538986
68.9,17.67565255068882,17.797274621841932,17.326763829731238
68.92,17.675488653885523,17.796961947218158,17.32651169654879
68.94,17.675397708964752,17.796649678335864,17.326259901528182
68.96,17.67534433239617,17.796337814657285,17.326008444206593
68.98,17.674535996267345,17.796026355645388,17.325757324121856
69.0,17.674204269336798,17.795715300763856,17.325506540812455
69.02,17.67426720299314,17.795404649477145,17.325256093817522
69.04,17.674329583331982,17.795094401250417,17.32500598267685
69.06,17.67406043838634,17.79478455554956,17.32475620693087
69.08,17.67369340385719,17.794475111841205,17.324506766120646
69.1,17.67347165248491,17.794166069592702,17.324257659787914
69.12,17.672268290133655,17.793857428272158,17.324008887475056
69.14,17.671985021619435,17.793549187348347,17.323760448725068
69.16,17.672090424057373,17.793241346290824,17.323512343081628
69.18,17.671294275058052,17.79293390456985,17.32326457008902
69.2,17.67093488531949,17.792626861656398,17.323017129292204
69.22,17.67142066068594,17.792320217022187,17.322770020236753
69.24,17.671104624765714,17.79201397013963,17.32252324246889
69.26,17.671022856420198,17.791708120481886,17.32227679553548
69.28,17.670285351466656,17.791402667522814,17.32203067898402
69.3,17.669870377715895,17.791097610737,17.321784892362658
69.32,17.669578533839335,17.790792949599755,17.321539435220156
69.34,17.669638124284955,17.790488683587082,17.32129430710593
69.36,17.66921491267113,17.790184812175728,17.321049507570006
69.38,17.668792417868357,17.789881334843137,17.320805036163083
69.4,17.66840236139142,17.789578251067468,17.320560892436454
69.42,17.66762150454375,17.789275560327603,17.320317075942054
69.44,17.666713469448695,17.788973262103116,17.320073586232454
69.46,17.66653857471778,17.788671355874307,17.319830422860868
69.48,17.666425848536814,17.788369841122186,17.319587585381093
69.5,17.666390614523152,17.78806871732846,17.319345073347623
69.52,17.66603865585071,17.78776798397555,17.31910288631551
69.54,17.666119960672745,17.787467640546577,17.31886102384047
69.56,17.665178912374685,17.787167686525375,17.31861948547883
69.58,17.66461974351029,17.78686812139648,17.318378270787555
69.6,17.66365704390379,17.786568944645136,17.31813737932422
69.62,17.663362105160836,17.78627015575728,17.317896810647017
69.64,17.66297419528189,17.785971754219542,17.31765656431479
69.66,17.662179440028773,17.785673739519275,17.31741663988696
69.68,17.66209927986202,17.78537611114451,17.317177036923603
69.7,17.661452667333652,17.785078868584005,17.316937754985382
69.72,17.66056529064127,17.784782011327184,17.31669879363361
69.74,17.660242496197895,17.784485538864175,17.316460152430203
69.76,17.66011863341001,17.78418945068582,17.31622183093768
69.78,17.6597664493755,17.783893746283614,17.315983828719194
69.8,17.65982465450113,17.78359842514979,17.3157461453385
69.82,17.659292777284023,17.783303486777257,17.315508780359973
69.84,17.658620334143716,17.783008930659616,17.3152717333486
69.86,17.658354088949267,17.782714756291135,17.315035003869976
69.88,17.65785023231382,17.782420963166807,17.314798591490295
69.9,17.65744164091818,17.782127550782292,17.31456249577639
69.92,17.657401245667465,17.781834518633957,17.314326716295664
69.94,17.65701228128806,17.781541866218816,17.314091252616166
69.96,17.65692626128861,17.781249593034612,17.31385610430653
69.98,17.65742470154428,17.780957698579762,17.313621270936
70.0,17.65753457918495,17.78066618235333,17.31338675207443
70.02,17.6572514421683,17.780375043855113,17.313152547292265
70.04,17.65722971715683,17.780084282585563,17.31291865616057
70.06,17.65690266213211,17.779793898045806,17.312685078250986
70.08,17.656181969614618,17.779503889737672,17.312451813135798
70.1,17.65547963113696,17.77921425716365,17.31221886038785
70.12,17.65466092655987,17.778924999826913,17.311986219580614
70.14,17.654602725131348,17.778636117231294,17.311753890288145
70.16,17.65458435906083,17.778347608881337,17.3115218720851
70.18,17.65428492472037,17.778059474282255,17.31129016454673
70.2,17.65415914865668,17.77777171293988,17.31105876724889
70.22,17.653703275345006,17.777484324360792,17.310827679768032
70.24,17.65290517372244,17.777197308052187,17.310596901681187
70.26,17.652723748023472,17.776910663521964,17.310366432566003
70.28,17.651974099313826,17.776624390278684,17.310136272000694
70.3,17.651261021212896,17.776338487831563,17.309906419564083
70.32,17.6510152030001,17.776052955690503,17.30967687483559
70.34,17.650696448525068,17.775767793366064,17.3094476373952
70.36,17.650483110527755,17.775483000369476,17.309218706823508
70.38,17.649695629621696,17.775198576212617,17.308990082701698
70.4,17.64893891645387,17.774914520408068,17.308761764611525
70.42,17.648682449083296,17.774630832469043,17.308533752135357
70.44,17.648809116597338,17.77434751190941,17.30830604485612
70.46,17.648668348793787,17.774064558243733,17.30807864235734
70.48,17.64911968899165,17.773781970987205,17.307851544223126
70.5,17.64889337814533,17.77349974965569,17.30762475003817
70.52,17.648073424277968,17.773217893765718,17.307398259387735
70.54,17.648441384255086,17.772936402834464,17.30717207185769
70.56,17.648398927684422,17.772655276379766,17.306946187034463
70.58,17.64785999228161,17.772374513920116,17.30672060450507
70.6,17.647633244789255,17.772094114974667,17.306495323857106
70.62,17.647369654314392,17.771814079063212,17.306270344678744
70.64,17.646931252405885,17.771534405706205,17.30604566655874
70.66,17.64610337253279,17.771255094424763,17.30582128908641
70.68,17.64586967441177,17.77097614474064,17.30559721185167
70.7,17.645121734198312,17.77069755617623,17.305373434444977
70.72,17.644941287386505,17.770419328254608,17.305149956457395
70.74,17.644522745108482,17.77014146049948,17.304926777480553
70.76,17.644021776196162,17.76986395243518,17.304703897106634
70.78,17.64418044942995,17.76958680358673,17.30448131492842
70.8,17.64363837615818,17.76931001347976,17.30425903053924
70.82,17.64370323453308,17.76903358164056,17.30403704353301
70.84,17.643409598493417,17.76875750759607,17.3038153535042
70.86,17.643681281940925,17.76848179087386,17.303593960047866
70.88,17.643826109616175,17.768206431002156,17.30337286275961
70.9,17.643860778792863,17.76793142750981,17.303152061235618
70.92,17.643743782546622,17.76765677992633,17.302931555072632
70.94,17.64373174680796,17.767382487781845,17.30271134386797
70.96,17.643761709090686,17.767108550607137,17.30249142721949
70.98,17.643654637133487,17.766834967933622,17.302271804725656
71.0,17.643180017695634,17.766561739293337,17.302052475985437
71.02,17.64308605673036,17.76628886421898,17.301833440598415
71.04,17.64301481000993,17.766016342243876,17.30161469816471
71.06,17.64290094389787,17.76574417290198,17.301396248285002
71.08,17.642700479243832,17.76547235572787,17.301178090560526
71.1,17.642331459111883,17.765200890256768,17.300960224593098
71.12,17.642002405168743,17.764929776024537,17.300742649985054
71.14,17.6420840755957,17.76465901256763,17.300525366339322
71.16,17.641865533140127,17.76438859942319,17.300308373259362
71.18,17.641767982757816,17.76411853612894,17.300091670349218
71.2,17.64143889120699,17.763848822223245,17.299875257213447
71.22,17.64117011408386,17.7635794572451,17.299659133457197
71.24,17.640423268017557,17.763310440734134,17.299443298686146
71.26,17.640354285365945,17.76304177223057,17.299227752506535
71.28,17.640242611078367,17.762773451275297,17.29901249452514
71.3,17.639836693929162,17.762505477409796,17.298797524349315
71.32,17.63967654521895,17.762237850176174,17.298582841586942
71.34,17.639553069992033,17.761970569117175,17.298368445846457
71.36,17.639541042026483,17.761703633776158,17.298154336736847
71.38,17.639573540667364,17.761437043697075,17.297940513867637
71.4,17.639013947668854,17.761170798424544,17.297726976848914
71.42,17.639234610034297,17.760904897503764,17.29751372529129
71.44,17.638320893070595,17.760639340480573,17.29730075880594
71.46,17.637906368504698,17.7603741269014,17.297088077004574
71.48,17.637706424603106,17.760109256313307,17.29687567949945
71.5,17.637206097029832,17.75984472826399,17.29666356590336
71.52,17.63733823316825,17.759580542301705,17.296451735829642
71.54,17.637094864455815,17.759316697975365,17.29624018889218
71.56,17.636698929767455,17.759053194834493,17.296028924705407
71.58,17.636370369680023,17.758790032429193,17.29581794288425
71.6,17.636169926700855,17.758527210310213,17.295607243044223
71.62,17.635770396318286,17.75826472802888,17.29539682480136
71.64,17.635639956351707,17.758002585137156,17.295186687772226
71.66,17.63533723709335,17.7577407811876,17.29497683157394
71.68,17.635453772118378,17.75747931573336,17.294767255824144
71.7,17.63533938569098,17.75721818832822,17.294557960141
71.72,17.635354631544214,17.756957398526545,17.294348944143227
71.74,17.634843889811016,17.756696945883327,17.29414020745007
71.76,17.633970977791964,17.75643682995414,17.293931749681306
71.78,17.633376234754653,17.75617705029516,17.29372357045724
71.8,17.63381014013565,17.755917606463186,17.2935156693987
71.82,17.633365134887505,17.755658498015602,17.293308046127077
71.84,17.633220928356383,17.755399724510387,17.293100700264244
71.86,17.63314568507193,17.755141285506138,17.292893631432634
71.88,17.63365636643058,17.754883180562025,17.292686839255204
71.9,17.632687786976252,17.754625409237832,17.292480323355427
71.92,17.63240496193385,17.754367971093945,17.292274083357317
71.94,17.63262717474194,17.754110865691327,17.292068118885393
71.96,17.63215790851354,17.753854092591542,17.291862429564716
71.98,17.632632914637316,17.75359765135676,17.291657015020863
72.0,17.63202298366865,17.753341541549727,17.29145187487993
72.02,17.631520810879845,17.753085762733797,17.291247008768554
72.04,17.631396349661763,17.7528303144729,17.29104241631388
72.06,17.63097890031174,17.752575196331566,17.29083809714355
72.08,17.631066704820697,17.752320407874922,17.290634050885778
72.1,17.631569410884428,17.752065948668665,17.290430277169254
72.12,17.631521919130684,17.751811818279084,17.290226775623204
72.14,17.631538656111303,17.75155801627307,17.290023545877368
72.16,17.631643591360692,17.751304542218097,17.289820587562
72.18,17.631456488691978,17.751051395682207,17.28961790030789
72.2,17.631241058284402,17.750798576234043,17.289415483746318
72.22,17.630708828085698,17.75054608344282,17.289213337509082
72.24,17.630774967037738,17.75029391687836,17.289011461228505
72.26,17.63007776343114,17.75004207611104,17.28880985453742
72.28,17.630573737183454,17.749790560711823,17.288608517069164
72.3,17.629776731203197,17.749539370252275,17.288407448457605
72.32,17.629575166782242,17.749288504304513,17.288206648337095
72.34,17.629255726291532,17.749037962441246,17.288006116342512
72.36,17.629234140062305,17.74878774423577,17.28780585210927
72.38,17.628465394595224,17.748537849261943,17.287605855273224
72.4,17.628366500402446,17.748288277094204,17.287406125470792
72.42,17.62783030886058,17.748039027307573,17.287206662338892
72.44,17.62789036092343,17.747790099477637,17.28700746551494
72.46,17.627772424749715,17.747541493180563,17.28680853463685
72.48,17.627922651779247,17.7472932079931,17.286609869343046
72.5,17.627787000529235,17.747045243492543,17.28641146927247
72.52,17.62726269336495,17.74679759925679,17.286213334064552
72.54,17.626728121654484,17.74655027486428,17.286015463359238
72.56,17.626833383223307,17.746303269894053,17.285817856796964
72.58,17.626438361563462,17.746056583925686,17.285620514018653
72.6,17.626292769676578,17.74581021653934,17.28542343466578
72.62,17.62655282924469,17.745564167315766,17.28522661838027
72.64,17.626195041604618,17.745318435836243,17.285030064804562
72.66,17.626729873718535,17.74507302168264,17.284833773581607
72.68,17.626468845164986,17.744827924437367,17.284637744354832
72.7,17.62654720217786,17.744583143683446,17.284441976768186
72.72,17.626421022288405,17.744338679004414,17.284246470466076
72.74,17.62606356509719,17.74409452998439,17.28405122509346
72.76,17.62616899343413,17.743850696208064,17.283856240295737
72.78,17.626227841370365,17.743607177260664,17.283661515718833
72.8,17.626426506266355,17.743363972728,17.283467051009158
72.82,17.62654922442999,17.743121082196446,17.28327284581361
72.84,17.62568529940461,17.742878505252904,17.28307889977959
72.86,17.625774508515825,17.742636241484867,17.282885212554973
72.88,17.625632897769332,17.742394290480366,17.282691783788145
72.9,17.625132708538196,17.742152651827993,17.282498613127977
72.92,17.6254237890555,17.741911325116913,17.28230570022381
72.94,17.62539265699659,17.741670309936797,17.282113044725506
72.96,17.624929681190405,17.74142960587794,17.281920646283385
72.98,17.62489611150007,17.741189212531136,17.281728504548262
73.0,17.624484975898053,17.740949129487756,17.281536619171458
73.02,17.624647051422013,17.740709356339707,17.28134498980475
73.04,17.62469284723072,17.740469892679467,17.281153616100433
73.06,17.62420753244788,17.74023073810005,17.280962497711247
73.08,17.623628602914387,17.739991892195018,17.28077163429044
73.1,17.622782727968175,17.739753354558506,17.28058102549175
73.12,17.622882269845874,17.73951512478517,17.280390670969375
73.14,17.62269027461458,17.739277202470216,17.280200570378017
73.16,17.622800475015648,17.739039587209408,17.28001072337284
73.18,17.622389885868735,17.738802278599046,17.2798211296095
73.2,17.621962406753937,17.738565276235985,17.279631788744133
73.22,17.62162125127175,17.738328579717614,17.279442700433332
73.24,17.621464542313554,17.738092188641872,17.279253864334194
73.26,17.62058230062369,17.737856102607246,17.27906528010429
73.28,17.620307530179637,17.737620321212756,17.27887694740166
73.3,17.619857548378146,17.737384844057953,17.27868886588482
73.32,17.61988306002776,17.737149670742955,17.278501035212773
73.34,17.62015180999922,17.73691480086839,17.278313455044966
73.36,17.619323509448403,17.736680234035454,17.278126125041357
73.38,17.619125206929432,17.73644596984586,17.27793904486236
73.4,17.619100087776715,17.736212007901873,17.27775221416886
73.42,17.618955557447162,17.73597834780628,17.277565632622217
73.44,17.618573896746717,17.735744989162413,17.277379299884263
73.46,17.618574539030956,17.735511931574134,17.27719321561729
73.48,17.618667110355997,17.735279174645854,17.277007379484083
73.5,17.618360541825922,17.7350467179825,17.276821791147878
73.52,17.61779991829492,17.734814561189527,17.276636450272385
73.54,17.617500765065063,17.734582703872952,17.276451356521775
73.56,17.616723659560137,17.734351145639295,17.2762665095607
73.58,17.61587828802953,17.734119886095613,17.276081909054263
73.6,17.61546666703423,17.733888924849502,17.27589755466804
73.62,17.615095254107796,17.73365826150908,17.275713446068075
73.64,17.614958801706855,17.73342789568301,17.27552958292087
73.66,17.614447734063297,17.73319782698044,17.275345964893404
73.68,17.61431353351422,17.732968055011085,17.275162591653103
73.7,17.614774457857195,17.732738579385185,17.27497946286786
73.72,17.614801237642805,17.732509399713486,17.274796578206043
73.74,17.614720827577813,17.732280515607254,17.27461393733645
73.76,17.6142699401947,17.732051926678306,17.274431539928376
73.78,17.613755164561507,17.731823632538973,17.27424938565155
73.8,17.61273277743025,17.731595632802094,17.274067474176185
73.82,17.61171701904628,17.731367927081045,17.273885805172913
73.84,17.611364526564063,17.731140514989722,17.273704378312864
73.86,17.61112549016336,17.73091339614252,17.2735231932676
73.88,17.611114407573965,17.730686570154386,17.27334224970915
73.9,17.611065452267404,17.730460036640768,17.273161547310004
73.92,17.61089812910534,17.730233795217632,17.27298108574309
73.94,17.611057449476764,17.73000784550146,17.272800864681813
73.96,17.611187068390144,17.72978218710927,17.272620883800005
73.98,17.611109177759033,17.729556819658566,17.272441142771974
74.0,17.61108312173444,17.729331742767396,17.272261641272483
74.02,17.61118428807523,17.729106956054295,17.27208237897671
74.04,17.61062424759242,17.72888245913833,17.271903355560315
74.06,17.61056042133165,17.728658251639082,17.271724570699433
74.08,17.61027168495124,17.728434333176637,17.27154602407059
74.1,17.610255134798976,17.728210703371595,17.271367715350806
74.12,17.609916916972203,17.72798736184506,17.271189644217536
74.14,17.610043728874924,17.72776430821866,17.271011810348668
74.16,17.610284038268265,17.72754154211453,17.270834213422564
74.18,17.610121146234224,17.7273190631553,17.270656853118012
74.2,17.610238500600246,17.727096870964107,17.270479729114268
74.22,17.61031807235911,17.726874965164637,17.270302841090995
74.24,17.61055101951798,17.726653345381038,17.270126188728348
74.26,17.609811442767107,17.72643201123797,17.269949771706898
74.28,17.609300965085474,17.7262109623606,17.26977358970766
74.3,17.609652307376912,17.72599019837463,17.2695976424121
74.32,17.609398104939988,17.72576971890623,17.269421929502123
74.34,17.608785791921072,17.72554952358207,17.269246450660077
74.36,17.608327749503466,17.725329612029352,17.26907120556875
74.38,17.60798581661826,17.725109983875765,17.268896193911363
74.4,17.607986494678173,17.7248906387495,17.26872141537159
74.42,17.607709241428765,17.72467157627923,17.26854686963354
74.44,17.608192737063607,17.72445279609417,17.268372556381763
74.46,17.608010056985442,17.724234297823994,17.268198475301233
74.48,17.60775377151781,17.72401608109889,17.268024626077366
74.5,17.607420172781207,17.723798145549548,17.267851008396025
74.52,17.607155898398215,17.72358049080714,17.26767762194351
74.54,17.607028199197444,17.723363116503354,17.267504466406542
74.56,17.60670284722783,17.72314602227036,17.26733154147228
74.58,17.606858968918345,17.72292920774083,17.26715884682833
74.6,17.606493681225682,17.72271267254791,17.26698638216272
74.62,17.6066476739002,17.722496416325274,17.266814147163906
74.64,17.606346146650505,17.722280438707056,17.266642141520794
74.66,17.60622718055964,17.72206473932791,17.2664703649227
74.68,17.60578594847593,17.721849317822958,17.2662988170594
74.7,17.605513172938956,17.72163417382783,17.26612749762106
74.72,17.605402567785266,17.721419306978632,17.265956406298308
74.74,17.605358398618094,17.721204716911963,17.265785542782194
74.76,17.605281628384176,17.72099040326492,17.265614906764196
74.78,17.604825584781548,17.72077636567508,17.265444497936205
74.8,17.604532092177447,17.720562603780508,17.265274315990556
74.82,17.60437426064318,17.720349117219747,17.265104360620025
74.84,17.60454885057163,17.720135905631857,17.264934631517768
74.86,17.604456141638533,17.719922968656338,17.26476512837741
74.88,17.604450341566615,17.719710305933212,17.264595850892984
74.9,17.60429054878154,17.71949791710297,17.264426798758933
74.92,17.60464233570056,17.719285801806567,17.264257971670162
74.94,17.604508103303566,17.71907395968549,17.264089369321958
74.96,17.604615807459925,17.718862390381656,17.26392099141006
74.98,17.604309943810723,17.718651093537495,17.2637528376306
75.0,17.60433383080559,17.718440068795907,17.263584907680162
75.02,17.60412520348649,17.718229315800272,17.263417201255727
75.04,17.604094535299577,17.718018834194446,17.263249718054723
75.06,17.603953146837494,17.71780862362278,17.263082457774953
75.08,17.603801135591088,17.717598683730063,17.26291542011469
75.1,17.603923373349364,17.717389014161625,17.262748604772586
75.12,17.603399429397555,17.71717961456321,17.262582011447726
75.14,17.602595168801034,17.716970484581072,17.26241563983962
75.16,17.601991621882185,17.716761623861927,17.262249489648173
75.18,17.601998423363593,17.71655303205299,17.262083560573732
75.2,17.601703996786377,17.716344708801895,17.261917852317033
75.22,17.601840550550726,17.716136653756813,17.26175236457924
75.24,17.601541959580462,17.71592886656635,17.261587097061945
75.26,17.601094019250183,17.715721346879583,17.261422049467118
75.28,17.600844523071736,17.715514094346084,17.261257221497175
75.3,17.601273703488403,17.715307108615885,17.26109261285493
75.32,17.601107654321932,17.715100389339476,17.260928223243603
75.34,17.60091516537752,17.714893936167822,17.260764052366838
75.36,17.600803081071582,17.714687748752365,17.26060009992868
75.38,17.600450627417302,17.714481826745004,17.2604363656336
75.4,17.600012033261546,17.714276169798122,17.26027284918644
75.42,17.599809484651896,17.714070777564544,17.260109550292505
75.44,17.600181059811327,17.713865649697585,17.25994646865745
75.46,17.599983702820765,17.713660785851,17.259783603987398
75.48,17.600131893980073,17.713456185679046,17.25962095598882
75.5,17.599787867584794,17.713251848836403,17.25945852436864
75.52,17.59956321420325,17.71304777497823,17.259296308834156
75.54,17.599534541456894,17.712843963760164,17.259134309093092
75.56,17.59906924753079,17.712640414838294,17.258972524853565
75.58,17.598823681815546,17.712437127869165,17.258810955824107
75.6,17.59856239484944,17.712234102509772,17.258649601713635
75.62,17.597597969246184,17.712031338417606,17.25848846223148
75.64,17.597390779946146,17.711828835250575,17.258327537087396
75.66,17.596951999136557,17.71162659266709,17.258166825991488
75.68,17.59670429677991,17.711424610325974,17.258006328654307
75.7,17.596610455522065,17.711222887886546,17.257846044786795
75.72,17.59618906428376,17.71102142500856,17.257685974100283
75.74,17.59554341526822,17.71082022135223,17.257526116306497
75.76,17.59483806892512,17.71061927657824,17.257366471117592
75.78,17.594820526166497,17.710418590347714,17.257207038246076
75.8,17.594487619191842,17.710218162322224,17.25704781740491
75.82,17.594349094341563,17.710017992163827,17.256888808307394
75.84,17.59388185655942,17.709818079534987,17.256730010667273
75.86,17.593152743852066,17.70961842409866,17.256571424198658
75.88,17.59279680339047,17.709419025518248,17.256413048616057
75.9,17.592433517847674,17.70921988345758,17.256254883634405
75.92,17.591970544214746,17.709020997580968,17.25609692896898
75.94,17.59151411712283,17.70882236755314,17.2559391843355
75.96,17.591411324177546,17.708623993039314,17.255781649450054
75.98,17.59160015402584,17.708425873705103,17.255624324029114
76.0,17.591089503939585,17.708228009216636,17.25546720778957
76.02,17.590654764985864,17.708030399240428,17.255310300448695
76.04,17.590511291993504,17.707833043443475,17.255153601724132
76.06,17.59048895513574,17.70763594149321,17.25499711133393
76.08,17.59016249778044,17.707439093057513,17.254840828996553
76.1,17.590178546082672,17.707242497804703,17.254684754430805
76.12,17.589483523099485,17.707046155403553,17.254528887355917
76.14,17.58934078834294,17.706850065523277,17.25437322749148
76.16,17.588740332964008,17.706654227833535,17.2542177745575
76.18,17.58820732547582,17.706458642004417,17.25406252827436
76.2,17.588244651831044,17.706263307706468,17.253907488362813
76.22,17.587277208203297,17.706068224610668,17.25375265454403
76.24,17.58737247925091,17.705873392388437,17.25359802653953
76.26,17.586897903945527,17.705678810711646,17.25344360407125
76.28,17.58670736252732,17.70548447925259,17.25328938686149
76.3,17.586311623387427,17.70529039768402,17.25313537463294
76.32,17.586157306984504,17.705096565679113,17.25298156710868
76.34,17.58631548076887,17.704902982911474,17.252827964012162
76.36,17.586008986702584,17.704709649055175,17.252674565067228
76.38,17.585909844876774,17.70451656378469,17.252521369998096
76.4,17.585367633540105,17.704323726774966,17.25236837852937
76.42,17.585074884234178,17.704131137701356,17.25221559038603
76.44,17.585046240331696,17.70393879623965,17.252063005293437
76.46,17.58494562322403,17.703746702066088,17.25191062297733
76.48,17.584810081383928,17.703554854857337,17.251758443163844
76.5,17.584832102839812,17.703363254290494,17.251606465579457
76.52,17.585328894923443,17.703171900043078,17.25145468995106
76.54,17.58478409186277,17.70298079179307,17.2513031160059
76.56,17.58451053142184,17.702789929218852,17.251151743471606
76.58,17.58455021469892,17.702599311999236,17.25100057207619
76.6,17.584041523499366,17.702408939813505,17.250849601548023
76.62,17.583226621468405,17.70221881234132,17.250698831615875
76.64,17.583196084968524,17.702028929262784,17.250548262008877
76.66,17.583776740541644,17.701839290258466,17.25039789245652
76.68,17.583652996154818,17.701649895009314,17.250247722688695
76.7,17.584156408305265,17.70146074319672,17.250097752435654
76.72,17.58460753487005,17.701271834502517,17.24994798142801
76.74,17.584472041727366,17.70108316860894,17.249798409396778
76.76,17.58466391086812,17.700894745198667,17.24964903607331
76.78,17.584117172361925,17.700706563954796,17.24949986118935
76.8,17.5841591820449,17.70051862456084,17.249350884477018
76.82,17.58415671439571,17.700330926700747,17.249202105668765
76.84,17.583798085271404,17.700143470058887,17.249053524497466
76.86,17.58427648004494,17.69995625432004,17.248905140696326
76.88,17.58396488043474,17.69976927916942,17.24875695399892
76.9,17.58322989913994,17.699582544292664,17.24860896413922
76.92,17.58292639710287,17.699396049375814,17.248461170851524
76.94,17.58253985207468,17.69920979410535,17.248313573870544
76.96,17.58231052427989,17.69902377816816,17.24816617293131
76.98,17.58206224574015,17.698838001251563,17.24801896776924
77.0,17.581898585854336,17.698652463043274,17.24787195812014
77.02,17.58193004486615,17.69846716323143,17.24772514372013
77.04,17.58161688332993,17.698282101504628,17.247578524305737
77.06,17.58136135100453,17.698097277551817,17.247432099613835
77.08,17.580588081808486,17.697912691062403,17.247285869381653
77.1,17.581064708435722,17.6977283417262,17.247139833346804
77.12,17.580665479032213,17.69754422923342,17.246993991247237
77.14,17.580706432138324,17.697360353274714,17.24684834282128
77.16,17.58021434157742,17.697176713541133,17.24670288780763
77.18,17.58017277318966,17.696993309724135,17.246557625945314
77.2,17.580128717616795,17.696810141515616,17.246412556973745
77.22,17.58012853770452,17.696627208607843,17.24626768063269
77.24,17.579994761712893,17.696444510693535,17.246122996662265
77.26,17.579738731839186,17.696262047465805,17.245978504802956
77.28,17.579545564296026,17.69607981861816,17.245834204795603
77.3,17.579421108564883,17.695897823844543,17.2456900963814
77.32,17.579430166965338,17.6957160628393,17.245546179301904
77.34,17.579072962877945,17.695534535297167,17.24540245329901
77.36,17.57876581522144,17.695353240913306,17.24525891811501
77.38,17.57896900189661,17.69517217938328,17.245115573492505
77.4,17.579363744151465,17.694991350403075,17.24497241917448
77.42,17.579241561633314,17.694810753669046,17.244829454904256
77.44,17.579418942310024,17.694630388877993,17.244686680425527
77.46,17.57919686756737,17.694450255727098,17.244544095482333
77.48,17.57885596784634,17.694270353913957,17.244401699819047
77.5,17.57885480833587,17.694090683136558,17.244259493180426
77.52,17.578739093327254,17.693911243093318,17.244117475311548
77.54,17.578136906849913,17.69373203348302,17.24397564595788
77.56,17.577779780271058,17.69355305400489,17.24383400486521
77.58,17.578072677731342,17.693374304358517,17.24369255177967
77.6,17.57806587653479,17.693195784243922,17.24355128644778
77.62,17.578179628805263,17.693017493361506,17.24341020861636
77.64,17.577806348189544,17.69283943141208,17.24326931803263
77.66,17.57805008678746,17.692661598096848,17.24312861444411
77.68,17.57735825429986,17.69248399311744,17.24298809759871
77.7,17.577091645409507,17.69230661617583,17.24284776724466
77.72,17.577222909158223,17.69212946697444,17.24270762313054
77.74,17.57673464971721,17.691952545216076,17.24256766500528
77.76,17.57655696436823,17.69177585060392,17.24242789261816
77.78,17.57619350012395,17.691599382841577,17.2422883057188
77.8,17.576905611190355,17.69142314163303,17.242148904057178
77.82,17.576909442986878,17.691247126682672,17.242009687383582
77.84,17.576745509425564,17.691071337695288,17.241870655448693
77.86,17.576743874977538,17.690895774376028,17.2417318080035
77.88,17.576074246398765,17.69072043643048,17.241593144799335
77.9,17.576264145183725,17.6905453235646,17.24145466558789
77.92,17.57588366543128,17.690370435484745,17.241316370121194
77.94,17.575634612141698,17.69019577189764,17.241178258151606
77.96,17.575659887396686,17.690021332510433,17.241040329431844
77.98,17.575451020843403,17.689847117030656,17.240902583714956
78.0,17.575184838676417,17.689673125166227,17.240765020754313
78.02,17.57469321161529,17.689499356625436,17.24062764030366
78.04,17.574403111326152,17.689325811116994,17.240490442117057
78.06,17.57422604477243,17.689152488349983,17.240353425948918
78.08,17.574066561885708,17.688979388033868,17.240216591553978
78.1,17.573730851565422,17.688806509878518,17.24007993868733
78.12,17.573756551437977,17.688633853594176,17.23994346710437
78.14,17.573624563837217,17.688461418891485,17.23980717656087
78.16,17.57360309811276,17.688289205481443,17.23967106681293
78.18,17.57295037664036,17.688117213075476,17.239535137616958
78.2,17.57255553250843,17.68794544138536,17.239399388729716
78.22,17.572863133232676,17.68777389012328,17.239263819908317
78.24,17.572812901326177,17.687602559001785,17.239128430910178
78.26,17.573204485123966,17.68743144773382,17.23899322149308
78.28,17.573300218381075,17.68726055603272,17.238858191415098
78.3,17.572959656357323,17.687089883612174,17.238723340434678
78.32,17.572719200010436,17.68691943018628,17.238588668310584
78.34,17.571561128396148,17.686749195469503,17.238454174801905
78.36,17.571046203413236,17.6865791791767,17.238319859668074
78.38,17.57103930776433,17.686409381023097,17.238185722668845
78.4,17.570434615956124,17.68623980072431,17.2380517635643
78.42,17.570069371292583,17.686070437996317,17.237917982114865
78.44,17.57019166401042,17.685901292555492,17.23778437808129
78.46,17.570169769152276,17.685732364118586,17.237650951224648
78.48,17.570110897397353,17.685563652402713,17.237517701306334
78.5,17.569700541662062,17.685395157125377,17.237384628088098
78.52,17.56943814767744,17.685226878004457,17.23725173133199
78.54,17.569557342037072,17.685058814758204,17.237119010800402
78.56,17.569295362063436,17.68489096710525,17.236986466256052
78.58,17.56941307239606,17.684723334764595,17.23685409746198
78.6,17.568820344928973,17.684555917455622,17.236721904181547
78.62,17.568397318944115,17.684388714898077,17.236589886178454
78.64,17.56783118471112,17.684221726812083,17.23645804321671
78.66,17.567966688482723,17.684054952918146,17.236326375060663
78.68,17.56751429669938,17.683888392937128,17.236194881474976
78.7,17.56750551590165,17.683722046590287,17.236063562224647
78.72,17.567757552041265,17.68355591359922,17.23593241707497
78.74,17.567497023985318,17.683389993685914,17.23580144579159
78.76,17.56759837419267,17.68322428657274,17.235670648140477
78.78,17.568099249365275,17.683058791982404,17.235540023887896
78.8,17.56829171617459,17.68289350963801,17.23540957280044
78.82,17.567871927327936,17.682728439263016,17.23527929464504
78.84,17.56804767728108,17.682563580581263,17.235149189188938
78.86,17.568196307200935,17.682398933316932,17.235019256199692
78.88,17.568457748324196,17.68223449719461,17.234889495445184
78.9,17.567957030200642,17.68207027193922,17.234759906693604
78.92,17.567835583320814,17.681906257276065,17.234630489713492
78.94,17.56774575268881,17.681742452930806,17.234501244273662
78.96,17.567431428443758,17.68157885862948,17.234372170143285
78.98,17.56765132071586,17.681415474098475,17.234243267091816
79.0,17.56726042301447,17.681252299064557,17.234114534889045
79.02,17.566642419039862,17.68108933325485,17.23398597330509
79.04,17.566466768492386,17.68092657639683,17.233857582110353
79.06,17.566558235769385,17.680764028218363,17.23372936107558
79.08,17.566093785312248,17.68060168844765,17.233601309971817
79.1,17.566064798838003,17.68043955681327,17.233473428570427
79.12,17.565996994077228,17.680277633044152,17.233345716643093
79.14,17.565552580080535,17.6801159168696,17.2332181739618
79.16,17.56540984741769,17.679954408019267,17.233090800298864
79.18,17.565596477852118,17.679793106223173,17.23296359542689
79.2,17.565545085538048,17.679632011211677,17.23283655911883
79.22,17.56520600845533,17.679471122715533,17.232709691147896
79.24,17.564977642944488,17.679310440465816,17.232582991287664
79.26,17.56511845391057,17.679149964193996,17.232456459311983
79.28,17.565463739549358,17.67898969363187,17.232330094995042
79.3,17.5655810879493,17.6788296285116,17.232203898111315
79.32,17.56520835602292,17.678669768565715,17.232077868435603
79.34,17.56526668724557,17.67851011352708,17.231952005743004
79.36,17.564989193218654,17.678350663128935,17.231826309808937
79.38,17.565159031392447,17.678191417104866,17.23170078040912
79.4,17.56508540893576,17.678032375188817,17.231575417319576
79.42,17.56452825901949,17.677873537115076,17.23145022031666
79.44,17.564715037705483,17.677714902618302,17.23132518917698
79.46,17.56442775889115,17.67755647143349,17.231200323677527
79.48,17.56474553021269,17.677398243295993,17.23107562359553
79.5,17.564833931979493,17.677240217941524,17.230951088708554
79.52,17.565277946149983,17.67708239510614,17.23082671879447
79.54,17.565073668801414,17.676924774526235,17.230702513631453
79.56,17.564852329086897,17.676767355938587,17.230578472997966
79.58,17.564504954067885,17.676610139080307,17.23045459667281
79.6,17.564560706086546,17.676453123688827,17.230330884435052
79.62,17.564085499454084,17.67629630950199,17.23020733606408
79.64,17.563699705067897,17.67613969625793,17.23008395133959
79.66,17.563762364350556,17.675983283695167,17.229960730041576
79.68,17.56353202579517,17.675827071552533,17.229837671950317
79.7,17.563373181829295,17.675671059569243,17.22971477684642
79.72,17.562910331408084,17.675515247484846,17.229592044510785
79.74,17.562232329201223,17.675359635039225,17.229469474724592
79.76,17.562312455376624,17.675204221972624,17.22934706726935
79.78,17.562345197975503,17.675049008025628,17.229224821926856
79.8,17.56230489962716,17.674893992939158,17.229102738479202
79.82,17.56169658315009,17.674739176454487,17.228980816708777
79.84,17.56217027293579,17.674584558313242,17.228859056398292
79.86,17.56171355329846,17.67443013825738,17.228737457330723
79.88,17.561358757575782,17.6742759160292,17.228616019289362
79.9,17.56089293997006,17.674121891371353,17.228494742057787
79.92,17.560750894291633,17.673968064026813,17.2283736254199
79.94,17.560328571401275,17.67381443373893,17.22825266915986
79.96,17.56031205635103,17.67366100025136,17.228131873062157
79.98,17.560335991413215,17.67350776330812,17.228011236911556
80.0,17.559927595109027,17.673354722653556,17.22789076049312
80.02,17.559482256766977,17.673201878032348,17.22777044359221
80.04,17.560094426214185,17.67304922918956,17.227650285994486
80.06,17.559824059528168,17.672896775870527,17.227530287485884
80.08,17.55924991758976,17.672744517820973,17.227410447852666
80.1,17.55893036296201,17.672592454786933,17.227290766881346
80.12,17.558957287006034,17.672440586514796,17.227171244358768
80.14,17.559239309547195,17.672288912751284,17.227051880072043
80.16,17.559655143152124,17.672137433243435,17.22693267380858
80.18,17.559678215646766,17.671986147738657,17.226813625356083
80.2,17.55944483249814,17.671835055984673,17.22669473450255
80.22,17.558763332834097,17.67168415772954,17.22657600103627
80.24,17.558367435776365,17.671533452721658,17.226457424745806
80.26,17.557730177297557,17.67138294070976,17.226339005420037
80.28,17.55741824884267,17.671232621442893,17.2262207428481
80.3,17.55697234118518,17.671082494670483,17.226102636819444
80.32,17.555972630606835,17.670932560142237,17.225984687123805
80.34,17.55558058140888,17.670782817608224,17.225866893551196
80.36,17.55520475990186,17.670633266818836,17.225749255891927
80.38,17.55487021072958,17.67048390752481,17.225631773936588
80.4,17.55519079760831,17.670334739477187,17.22551444747607
80.42,17.55458297998183,17.67018576242737,17.225397276301532
80.44,17.553727927508998,17.67003697612706,17.22528026020443
80.46,17.553462177343164,17.669888380328306,17.2251633989765
80.48,17.553362783042033,17.6697399747835,17.225046692409773
80.5,17.553380843085588,17.669591759245325,17.22493014029655
80.52,17.553281435600027,17.669443733466828,17.224813742429436
80.54,17.55358928227556,17.669295897201362,17.224697498601294
80.56,17.55356111985786,17.669148250202614,17.224581408605303
80.58,17.55364438870956,17.669000792224605,17.2244654722349
80.6,17.553104933298844,17.668853523021674,17.224349689283816
80.62,17.553201629078995,17.66870644234848,17.22423405954605
80.64,17.552851802862072,17.668559549960023,17.224118582815905
80.66,17.551584957365364,17.66841284561163,17.22400325888795
80.68,17.552371417691237,17.668266329058913,17.22388808755705
80.7,17.552606041736198,17.668120000057872,17.223773068618332
80.72,17.552572057690075,17.667973858364785,17.223658201867217
80.74,17.552533425551736,17.66782790373626,17.22354348709939
80.76,17.552492532477142,17.667682135929233,17.22342892411085
80.78,17.5521259137364,17.66753655470097,17.223314512697833
80.8,17.552421537959166,17.667391159809046,17.223200252656884
80.82,17.552292410331077,17.667245951011367,17.22308614378482
80.84,17.552671742372066,17.667100928066166,17.222972185878717
80.86,17.552863548812145,17.66695609073197,17.222858378735957
80.88,17.553419295588043,17.66681143876765,17.222744722154186
80.9,17.552870183052597,17.666666971932393,17.222631215931322
80.92,17.552688113534117,17.666522689985694,17.22251785986556
80.94,17.552728842002264,17.666378592687394,17.222404653755397
80.96,17.552535750616098,17.66623467979761,17.222291597399565
80.98,17.552156164171965,17.666090951076818,17.2221786905971
81.0,17.552045874860195,17.665947406285785,17.222065933147306
81.02,17.55181363550305,17.665804045185624,17.22195332484976
81.04,17.55164481185838,17.665660867537714,17.2218408655043
81.06,17.551044302364815,17.66551787310381,17.221728554911074
81.08,17.550949243851953,17.665375061645946,17.221616392870462
81.1,17.551132424201846,17.665232432926473,17.22150437918315
81.12,17.55118447233794,17.66508998670808,17.221392513650066
81.14,17.550774854397424,17.664947722753745,17.221280796072445
81.16,17.550486473993505,17.664805640826756,17.221169226251767
81.18,17.550417668563412,17.66466374069076,17.221057803989787
81.2,17.550634906866527,17.66452202210966,17.22094652908855
81.22,17.550514373826264,17.664380484847708,17.22083540135034
81.24,17.549833616625776,17.66423912866947,17.22072442057775
81.26,17.55009393747908,17.66409795333979,17.220613586573602
81.28,17.550080892001052,17.663956958623864,17.220502899141028
81.3,17.54979357309087,17.66381614428717,17.220392358083405
81.32,17.549441357682674,17.663675510095523,17.22028196320437
81.34,17.549226572256146,17.663535055815018,17.220171714307863
81.36,17.549122913248123,17.663394781212077,17.220061611198055
81.38,17.549080271474885,17.663254686053435,17.21995165367941
81.4,17.549271873104455,17.66311477010614,17.219841841556647
81.42,17.548984217698788,17.662975033137524,17.21973217463475
81.44,17.548844484821508,17.662835474915244,17.219622652718982
81.46,17.548187557500654,17.662696095207274,17.219513275614876
81.48,17.54798186213159,17.66255689378189,17.219404043128197
81.5,17.547945363935494,17.66241787040765,17.21929495506501
81.52,17.54777900566158,17.66227902485345,17.219186011231635
81.54,17.54729645937218,17.662140356888482,17.219077211434662
81.56,17.547332565891534,17.662001866282232,17.218968555480927
81.58,17.547364988953213,17.66186355280452,17.218860043177553
81.6,17.547471629584457,17.661725416225437,17.21875167433191
81.62,17.547252542556958,17.66158745631541,17.218643448751635
81.64,17.54748001781204,17.661449672845134,17.218535366244627
81.66,17.547039391055343,17.66131206558564,17.218427426619062
81.68,17.547602025233342,17.66117463430824,17.218319629683354
81.7,17.54649971517661,17.661037378784574,17.218211975246206
81.72,17.54619119308142,17.66090029878656,17.21810446311656
81.74,17.546248424491196,17.660763394086434,17.217997093103623
81.76,17.545715492002937,17.66062666445672,17.217889865016875
81.78,17.54512693842576,17.660490109670246,17.21778277866605
81.8,17.54496387194676,17.66035372950015,17.21767583386113
81.82,17.54500763058621,17.660217523719876,17.21756903041237
81.84,17.544755973536965,17.660081492103135,17.21746236813028
81.86,17.544144461114726,17.659945634423977,17.217355846825633
81.88,17.544314879240467,17.659809950456726,17.217249466309458
81.9,17.544151178376367,17.65967443997602,17.21714322639305
81.92,17.543890930034948,17.659539102756767,17.217037126887927
81.94,17.543518109199802,17.659403938574222,17.21693116760592
81.96,17.543534598718097,17.659268947203884,17.216825348359077
81.98,17.543406693528194,17.6591341284216,17.2167196689597
82.0,17.542910208956464,17.65899948200346,17.216614129220385
82.02,17.542664188211972,17.6588650077259,17.216508728953944
82.04,17.54245610911077,17.65873070536561,17.21640346797346
82.06,17.542631511800717,17.658596574699608,17.21629834609229
82.08,17.54254357765915,17.658462615505208,17.216193363124006
82.1,17.542897520937434,17.658328827559977,17.21608851888246
82.12,17.54349143196343,17.658195210641818,17.21598381318177
82.14,17.543295781983364,17.658061764528917,17.215879245836273
82.16,17.543313991585627,17.657928488999744,17.2157748166606
82.18,17.54366764276358,17.657795383833072,17.215670525469584
82.2,17.5433080056295,17.65766244880797,17.21556637207837
82.22,17.543934804122454,17.657529683703785,17.215462356302318
82.24,17.544154245042847,17.657397088300158,17.215358477957036
82.26,17.54434055592551,17.657264662377035,17.215254736858416
82.28,17.544346773861335,17.65713240571465,17.215151132822562
82.3,17.544806121896492,17.657000318093512,17.215047665665864
82.32,17.544517440821036,17.656868399294435,17.214944335204933
82.34,17.544393783941228,17.65673664909853,17.214841141256667
82.36,17.544847796785213,17.656605067287167,17.214738083638164
82.38,17.54432416253726,17.65647365364204,17.214635162166807
82.4,17.544063222545315,17.656342407945107,17.214532376660237
82.42,17.544065110761448,17.65621132997863,17.21442972693631
82.44,17.544156660814384,17.656080419525143,17.21432721281315
82.46,17.54387600532375,17.65594967636749,17.214224834109135
82.48,17.543639455494542,17.655819100288785,17.214122590642877
82.5,17.543529151612308,17.65568869107242,17.21402048223324
82.52,17.54392391146654,17.65555844850211,17.213918508699344
82.54,17.543918818549365,17.655428372361804,17.213816669860535
82.56,17.544207416592158,17.655298462435795,17.213714965536436
82.58,17.544064992634322,17.655168718508616,17.213613395546883
82.6,17.5440577629953,17.655039140365094,17.213511959711983
82.62,17.54408154927877,17.65490972779036,17.213410657852076
82.64,17.544063023716145,17.6547804805698,17.21330948978775
82.66,17.543947035037476,17.65465139848911,17.21320845533985
82.68,17.54398020078214,17.654522481334265,17.21310755432943
82.7,17.543752248091085,17.654393728891492,17.21300678657783
82.72,17.54346338637231,17.654265140947345,17.212906151906616
82.74,17.542992152880466,17.65413671728864,17.212805650137582
82.76,17.54316918747974,17.654008457702467,17.212705281092788
82.78,17.542789343166884,17.6538803619762,17.21260504459453
82.8,17.542186382382628,17.65375242989751,17.21250494046535
82.82,17.54250368438107,17.653624661254323,17.212404968528016
82.84,17.542362227579773,17.653497055834876,17.21230512860556
82.86,17.54185778232463,17.653369613427657,17.21220542052123
82.88,17.541470429694574,17.65324233382146,17.212105844098545
82.9,17.54106298116932,17.653115216805336,17.212006399161233
82.92,17.540797836346034,17.652988262168616,17.211907085533287
82.94,17.54139927180976,17.652861469700916,17.211807903038927
82.96,17.54152016437848,17.652734839192146,17.211708851502628
82.98,17.541674997923153,17.652608370432468,17.211609930749084
83.0,17.541882443528053,17.652482063212315,17.211511140603225
83.02,17.54160464791333,17.652355917322442,17.211412480890253
83.04,17.54156807839524,17.652229932553826,17.211313951435578
83.06,17.541339719070056,17.652104108697756,17.21121555206486
83.08,17.540954847947706,17.651978445545783,17.211117282603983
83.1,17.541104528145585,17.651852942889736,17.211019142879092
83.12,17.540879973185802,17.651727600521713,17.21092113271655
83.14,17.54124374589679,17.651602418234102,17.21082325194297
83.16,17.540837912347744,17.651477395819544,17.210725500385184
83.18,17.540446954258137,17.651352533070988,17.21062787787027
83.2,17.539645423471114,17.651227829781607,17.210530384225553
83.22,17.539929488422015,17.651103285744885,17.210433019278568
83.24,17.53947306320139,17.65097890075457,17.21033578285711
83.26,17.539753889780183,17.65085467460467,17.2102386747892
83.28,17.539598049888465,17.65073060708948,17.210141694903076
83.3,17.5390362443674,17.650606698003564,17.21004484302724
83.32,17.53853452479779,17.65048294714175,17.209948118990408
83.34,17.538509234875033,17.65035935429915,17.209851522621534
83.36,17.53808312861932,17.650235919271125,17.2097550537498
83.38,17.53821334233423,17.650112641853333,17.209658712204643
83.4,17.53825447019677,17.64998952184167,17.2095624978157
83.42,17.538203908257255,17.649866559032333,17.209466410412855
83.44,17.538001086359635,17.649743753221763,17.20937044982624
83.46,17.53828166320812,17.649621104206695,17.20927461588618
83.48,17.538665513760538,17.649498611784104,17.209178908423276
83.5,17.538385668720757,17.649376275751244,17.209083327268328
83.52,17.537719733040593,17.649254095905665,17.20898787225237
83.54,17.538171571233097,17.649132072045123,17.208892543206684
83.56,17.538023724177826,17.649010203967705,17.20879733996276
83.58,17.538444839434568,17.648888491471734,17.208702262352336
83.6,17.53867545401923,17.648766934355784,17.20860731020737
83.62,17.538655595351713,17.64864553241871,17.20851248336005
83.64,17.538544157740112,17.64852428545965,17.20841778164278
83.66,17.53823532538159,17.648403193277986,17.20832320488822
83.68,17.538024490268562,17.648282255673365,17.208228752929234
83.7,17.53747220988147,17.648161472445715,17.20813442559893
83.72,17.537632207272594,17.648040843395197,17.208040222730627
83.74,17.538252531239767,17.647920368322268,17.20794614415788
83.76,17.53793527500048,17.64780004702764,17.20785218971448
83.78,17.537684771559075,17.64767987931226,17.20775835923442
83.8,17.53782263180653,17.64755986497739,17.207664652551937
83.82,17.53772495982556,17.6474400038245,17.207571069501498
83.84,17.537748261755798,17.647320295655355,17.207477609917778
83.86,17.537370798487412,17.647200740271977,17.207384273635693
83.88,17.536729495626297,17.647081337476635,17.207291060490377
83.9,17.53674513020589,17.64696208707188,17.20719797031717
83.92,17.535915316449792,17.646842988860506,17.207105002951682
83.94,17.535818501117294,17.646724042645562,17.207012158229716
83.96,17.5357544945302,17.646605248230394,17.206919435987285
83.98,17.53593240867858,17.646486605418563,17.20682683606065
84.0,17.535879838502026,17.646368114013903,17.206734358286287
84.02,17.5360349716397,17.646249773820518,17.206642002500892
84.04,17.53578522950367,17.646131584642763,17.206549768541397
84.06,17.53528020053178,17.64601354628525,17.206457656244933
84.08,17.535620449882842,17.645895658552853,17.206365665448867
84.1,17.534915313403083,17.645777921250687,17.206273795990782
84.12,17.535026866615326,17.645660334184154,17.20618204770849
84.14,17.534934503230453,17.645542897158887,17.20609042044002
84.16,17.53488467309049,17.645425609980776,17.205998914023613
84.18,17.5350595384937,17.64530847245599,17.20590752829774
84.2,17.534925667370512,17.645191484390917,17.20581626310109
84.22,17.53455873640663,17.645074645592235,17.205725118272564
84.24,17.53481332801858,17.644957955866868,17.205634093651298
84.26,17.534828876845935,17.644841415021975,17.20554318907663
84.28,17.53456597201594,17.644725022864986,17.205452404388122
84.3,17.53424124124992,17.644608779203597,17.205361739425562
84.32,17.534143752124265,17.644492683845723,17.20527119402895
84.34,17.534314894040424,17.644376736599554,17.2051807680385
84.36,17.533687551459995,17.64426093727354,17.205090461294642
84.38,17.533267912456576,17.64414528567637,17.20500027363804
84.4,17.533076034558892,17.64402978161699,17.204910204909552
84.42,17.532692434699417,17.643914424904587,17.204820254950267
84.44,17.53285630574465,17.643799215348622,17.204730423601486
84.46,17.533097704395185,17.64368415275879,17.20464071070473
84.48,17.5328036954198,17.64356923694503,17.204551116101722
84.5,17.53271430699274,17.643454467717557,17.204461639634417
84.52,17.533117897794977,17.64333984488681,17.20437228114498
84.54,17.533271043315334,17.643225368263497,17.204283040475776
84.56,17.533186609258347,17.643111037658567,17.204193917469407
84.58,17.533436784756216,17.642996852883204,17.20410491196868
84.6,17.533847900137314,17.64288281374887,17.204016023816614
84.62,17.534353218677833,17.642768920067255,17.203927252856435
84.64,17.534302714122685,17.642655171650304,17.20383859893159
84.66,17.534485489787198,17.6425415683102,17.20375006188574
84.68,17.53462170371179,17.642428109859395,17.20366164156276
84.7,17.53453887372451,17.64231479611055,17.203573337806727
84.72,17.534546022138063,17.642201626876624,17.203485150461944
84.74,17.534099304461755,17.642088601970794,17.20339707937291
84.76,17.533687844346087,17.641975721206453,17.20330912438435
84.78,17.533438040307182,17.641862984397306,17.20322128534119
84.8,17.533428121030063,17.641750391357245,17.20313356208857
84.82,17.533502818523694,17.641637941900434,17.203045954471847
84.84,17.53346013196051,17.641525635841305,17.20295846233657
84.86,17.533547322923397,17.641413472994458,17.202871085528525
84.88,17.533197108882682,17.641301453174833,17.202783823893682
84.9,17.533631708174372,17.641189576197537,17.202696677278233
84.92,17.533272505195104,17.641077841877962,17.202609645528575
84.94,17.533260319407802,17.64096625003173,17.202522728491328
84.96,17.533072851412363,17.640854800474706,17.202435926013294
84.98,17.532592303921493,17.640743493022995,17.202349237941494
85.0,17.532409708807155,17.640632327492956,17.202262664123168
85.02,17.53231864353228,17.640521303701174,17.202176204405763
85.04,17.53203172889305,17.64041042146448,17.202089858636917
85.06,17.5318541042691,17.64029968059996,17.202003626664478
85.08,17.531834151575012,17.640189080924916,17.20191750833652
85.1,17.531554693172307,17.640078622256905,17.2018315035013
85.12,17.531631673625512,17.639968304413735,17.201745612007297
85.14,17.53233190190085,17.639858127213436,17.201659833703186
85.16,17.53206196752086,17.639748090474274,17.20157416843785
85.18,17.532106804107944,17.63963819401477,17.201488616060384
85.2,17.531865850955477,17.639528437653677,17.201403176420087
85.22,17.53181307655387,17.639418821209993,17.201317849366447
85.24,17.53228630465791,17.639309344502934,17.201232634749168
85.26,17.531672483645618,17.639200007351977,17.20114753241817
85.28,17.53159597648696,17.639090809576814,17.201062542223553
85.3,17.531223096464583,17.638981750997402,17.200977664015642
85.32,17.53139774383183,17.638872831433922,17.20089289764494
85.34,17.53069463011867,17.63876405070677,17.200808242962193
85.36,17.530772097455856,17.638655408636613,17.200723699818308
85.38,17.53059021121656,17.638546905044343,17.20063926806441
85.4,17.53005319380357,17.638438539751068,17.200554947551844
85.42,17.530175559815483,17.638330312578155,17.200470738132125
85.44,17.530198089861003,17.638222223347196,17.200386639656983
85.46,17.529661745278425,17.638114271880024,17.20030265197837
85.48,17.529824424514192,17.638006457998685,17.20021877494841
85.5,17.52970988947343,17.637898781525493,17.20013500841944
85.52,17.529793757967973,17.63779124228298,17.20005135224399
85.54,17.528965657738336,17.637683840093885,17.1999678062748
85.56,17.528621026700048,17.637576574781228,17.19988437036481
85.58,17.527808404985795,17.637469446168236,17.199801044367156
85.6,17.528113387518758,17.637362454078367,17.199717828135167
85.62,17.528003643459275,17.6372555983353,17.199634721522383
85.64,17.527985083481287,17.637148878762982,17.19955172438253
85.66,17.52817868058117,17.63704229518557,17.199468836569547
85.68,17.527481199334698,17.636935847427438,17.199386057937563
85.7,17.52729354604053,17.63682953531321,17.199303388340898
85.72,17.52691754705606,17.636723358667744,17.199220827634083
85.74,17.526576107493263,17.636617317316105,17.19913837567184
85.76,17.52624456256414,17.63651141108361,17.19905603230909
85.78,17.526439375621546,17.636405639795807,17.198973797400953
85.8,17.526452293274744,17.636300003278453,17.198891670802734
85.82,17.526653416404162,17.636194501357554,17.198809652369953
85.84,17.525878191367717,17.63608913385933,17.198727741958304
85.86,17.525652139582174,17.63598390061024,17.1986459394237
85.88,17.525560459243497,17.63587880143697,17.198564244622233
85.9,17.525303792343998,17.635773836166415,17.198482657410192
85.92,17.525053200372675,17.63566900462574,17.198401177644076
85.94,17.524700566198845,17.635564306642287,17.19831980518055
85.96,17.524988346696755,17.63545974204366,17.1982385398765
85.98,17.524408863559707,17.63535531065768,17.198157381589002
86.0,17.52417672702239,17.63525101231237,17.198076330175308
86.02,17.524111550315084,17.635146846836037,17.197995385492888
86.04,17.523710122004495,17.635042814057147,17.19791454739939
86.06,17.52392731262149,17.634938913804437,17.197833815752656
86.08,17.52395028548695,17.634835145906845,17.19775319041072
86.1,17.523874473875892,17.63473151019356,17.197672671231825
86.12,17.523826963676157,17.634628006493966,17.197592258074376
86.14,17.52343439307069,17.63452463463767,17.197511950797
86.16,17.52355886323734,17.63442139445455,17.1974317492585
86.18,17.523704055361335,17.634318285774636,17.197351653317877
86.2,17.52336668602238,17.634215308428246,17.197271662834304
86.22,17.5235087244308,17.634112462245877,17.19719177766718
86.24,17.52341925443018,17.634009747058283,17.197111997676064
86.26,17.523698336996667,17.633907162696406,17.19703232272072
86.28,17.523213870054647,17.633804708991438,17.1969527526611
86.3,17.52334114570413,17.63370238577477,17.19687328735734
86.32,17.522995222211826,17.63360019287804,17.196793926669784
86.34,17.52280853321084,17.63349813013309,17.196714670458935
86.36,17.522396595470834,17.633396197371965,17.19663551858551
86.38,17.522267797070008,17.633294394426986,17.196556470910412
86.4,17.52192412767997,17.633192721130634,17.196477527294714
86.42,17.52201646605681,17.63309117731564,17.1963986875997
86.44,17.522156177785252,17.632989762814958,17.196319951686824
86.46,17.5224245703807,17.632888477461748,17.196241319417748
86.48,17.522213597243855,17.632787321089392,17.19616279065431
86.5,17.522569188867685,17.632686293531503,17.196084365258525
86.52,17.522247470380737,17.632585394621895,17.196006043092613
86.54,17.522450069931377,17.632484624194607,17.195927824018966
86.56,17.522501715557656,17.6323839820839,17.19584970790018
86.58,17.522346289931342,17.632283468124253,17.195771694599014
86.6,17.522319570808442,17.632183082150355,17.19569378397844
86.62,17.52202050843556,17.632082823997106,17.195615975901593
86.64,17.521829277715494,17.63198269349965,17.195538270231804
86.66,17.521110663842634,17.63188269049332,17.195460666832584
86.68,17.521513807651573,17.63178281481368,17.195383165567637
86.7,17.521221375172065,17.631683066296496,17.195305766300844
86.72,17.521273691624128,17.631583444777768,17.19522846889627
86.74,17.52110886809634,17.63148395009369,17.195151273218173
86.76,17.520869283852882,17.631384582080692,17.195074179130987
86.78,17.520209951802933,17.63128534057541,17.194997186499336
86.8,17.52009099072735,17.631186225414694,17.194920295188023
86.82,17.519940177124457,17.631087236435597,17.194843505062025
86.84,17.519539043117284,17.630988373475404,17.19476681598652
86.86,17.519156073098667,17.630889636371606,17.194690227826857
86.88,17.519493387616887,17.630791024961912,17.194613740448577
86.9,17.519084605442476,17.630692539084226,17.19453735371739
86.92,17.518940822759355,17.630594178576693,17.19446106749919
86.94,17.518907743053266,17.63049594327764,17.194384881660078
86.96,17.51932508544261,17.630397833025633,17.19430879606629
86.98,17.519128632323472,17.63029984765944,17.194232810584282
87.0,17.519846139678236,17.630201987018022,17.19415692508068
87.02,17.519701519467063,17.630104250940587,17.194081139422277
87.04,17.51953227840582,17.63000663926652,17.194005453476066
87.06,17.51971070524318,17.629909151835434,17.193929867109212
87.08,17.519702895378995,17.62981178848716,17.193854380189066
87.1,17.51925429476927,17.629714549061728,17.193778992583137
87.12,17.518829395533626,17.629617433399364,17.193703704159145
87.14,17.51828263063789,17.629520441340524,17.19362851478496
87.16,17.51839491068389,17.629423572725884,17.193553424328645
87.18,17.518516415501605,17.629326827396284,17.19347843265845
87.2,17.518618440309297,17.62923020519284,17.193403539642784
87.22,17.518751989091154,17.62913370595679,17.193328745150254
87.24,17.51830808983754,17.62903732952966,17.193254049049624
87.26,17.518107524767537,17.628941075753144,17.193179451209854
87.28,17.517620370398358,17.62884494446915,17.19310495150007
87.3,17.517984556370955,17.628748935519795,17.193030549789583
87.32,17.518677791111962,17.62865304874741,17.192956245947876
87.34,17.51883138719759,17.62855728399451,17.19288203984461
87.36,17.51861382469724,17.62846164110384,17.192807931349613
87.38,17.518675301387027,17.628366119918343,17.192733920332913
87.4,17.518617141791626,17.62827072028117,17.192660006664692
87.42,17.518562718738888,17.62817544203567,17.192586190215312
87.44,17.518476117547024,17.628080285025405,17.192512470855323
87.46,17.518097176197173,17.627985249094134,17.19243884845544
87.48,17.51779118135196,17.62789033408584,17.192365322886545
87.5,17.517546139610335,17.62779553984468,17.192291894019704
87.52,17.517386838552774,17.62770086621506,17.192218561726165
87.54,17.517471091892492,17.627606313041532,17.19214532587733
87.56,17.516719807077305,17.6275118801689,17.192072186344806
87.58,17.516832338757382,17.62741756744214,17.191999143000338
87.6,17.516935451727473,17.62732337470646,17.191926195715876
87.62,17.516859002685354,17.62722930180724,17.19185334436351
87.64,17.51737701787349,17.627135348590095,17.191780588815536
87.66,17.517371495583394,17.62704151490082,17.191707928944403
87.68,17.51736330838238,17.626947800585402,17.19163536462274
87.7,17.517403728357174,17.626854205490066,17.191562895723354
87.72,17.517169189093178,17.62676072946121,17.191490522119203
87.74,17.516766991302557,17.62666737234544,17.191418243683437
87.76,17.51651436739317,17.626574133989568,17.191346060289366
87.78,17.516702056409734,17.626481014240596,17.19127397181048
87.8,17.5168944698484,17.626388012945732,17.191201978120457
87.82,17.51663591716321,17.626295129952396,17.191130079093092
87.84,17.516763664053514,17.626202365108195,17.1910582746024
87.86,17.516686358029677,17.626109718260935,17.190986564522557
87.88,17.51629349370556,17.626017189258622,17.190914948727887
87.9,17.516039949281122,17.625924777949468,17.190843427092915
87.92,17.51634092258189,17.62583248418188,17.190771999492306
87.94,17.515847585416132,17.625740307804467,17.19070066580092
87.96,17.515603771707053,17.62564824866601,17.190629425893768
87.98,17.514607760766136,17.62555630661553,17.19055827964605
88.0,17.51481509298577,17.62546448150223,17.190487226933108
88.02,17.51499274071827,17.6253727731755,17.190416267630475
88.04,17.514940203500338,17.625281181484926,17.19034540161384
88.06,17.514821370118455,17.625189706280302,17.190274628759067
88.08,17.514712368166027,17.625098347411626,17.190203948942184
88.1,17.514584535229805,17.62500710472908,17.19013336203938
88.12,17.51517641545445,17.624915978083035,17.19006286792703
88.14,17.514455696889765,17.624824967324074,17.189992466481662
88.16,17.514321719412873,17.62473407230296,17.18992215757997
88.18,17.514347880339052,17.624643292870665,17.18985194109882
88.2,17.514219615680513,17.624552628878362,17.189781816915247
88.22,17.514329519138375,17.62446208017739,17.189711784906443
88.24,17.514423682883546,17.624371646619316,17.189641844949776
88.26,17.514782824193155,17.624281328055883,17.189571996922773
88.28,17.514938298406754,17.624191124339028,17.18950224070314
88.3,17.514487086962237,17.624101035320873,17.189432576168716
88.32,17.51396805790329,17.624011060853775,17.189363003197546
88.34,17.51409313975799,17.62392120079023,17.189293521667803
88.36,17.513795930741622,17.623831454982966,17.189224131457852
88.38,17.51358537956849,17.62374182328488,17.189154832446214
88.4,17.51352365077098,17.623652305549072,17.18908562451156
88.42,17.51337824841379,17.62356290162884,17.189016507532752
88.44,17.513374390405613,17.623473611377666,17.188947481388798
88.46,17.51341761977823,17.623384434649225,17.18887854595886
88.48,17.513876077274965,17.62329537129739,17.188809701122292
88.5,17.513382051366122,17.623206421176214,17.188740946758585
88.52,17.513236094460282,17.623117584139937,17.188672282747408
88.54,17.51300541374283,17.623028860043007,17.18860370896859
88.56,17.512992645236025,17.62294024874006,17.188535225302104
88.58,17.51284647659284,17.62285175008591,17.18846683162812
88.6,17.512328755086422,17.622763363935572,17.188398527826937
88.62,17.512380592997605,17.622675090144238,17.18833031377904
88.64,17.51181110986669,17.622586928567316,17.18826218936506
88.66,17.51166628177383,17.62249887906036,17.18819415446579
88.68,17.511655135300558,17.622410941479156,17.18812620896219
88.7,17.511370173601033,17.622323115679652,17.188058352735382
88.72,17.51184953863116,17.62223540151801,17.187990585666654
88.74,17.51210827259266,17.62214779885054,17.18792290763743
88.76,17.512124176703878,17.62206030753378,17.187855318529316
88.78,17.512392456112085,17.621972927424437,17.187787818224077
88.8,17.512019966743665,17.621885658379394,17.18772040660363
88.82,17.511637169777238,17.621798500255746,17.187653083550053
88.84,17.511190925510483,17.62171145291077,17.187585848945588
88.86,17.5106846910202,17.62162451620191,17.187518702672627
88.88,17.51056470546009,17.621537689986816,17.187451644613738
88.9,17.510257398923656,17.621450974123317,17.18738467465162
88.92,17.510596084111086,17.621364368469436,17.187317792669155
88.94,17.5101334016677,17.621277872883365,17.187250998549377
88.96,17.51061096841874,17.62119148722349,17.18718429217547
88.98,17.509854446950055,17.621105211348397,17.18711767343079
89.0,17.509832961524193,17.621019045116824,17.187051142198833
89.02,17.509868503875403,17.620932988387736,17.18698469836326
89.04,17.509616030915545,17.620847041020248,17.186918341807903
89.06,17.50964857393204,17.620761202873663,17.186852072416723
89.08,17.509942195211373,17.620675473807488,17.186785890073867
89.1,17.509592122524307,17.62058985368139,17.186719794663613
89.12,17.509055535125253,17.620504342355243,17.186653786070412
89.14,17.50955851709165,17.620418939689092,17.186587864178865
89.16,17.509290731129692,17.620333645543155,17.186522028873725
89.18,17.509354755028564,17.62024845977784,17.18645628003991
89.2,17.509215749667263,17.62016338225376,17.186390617562488
89.22,17.509197559636494,17.620078412831674,17.186325041326683
89.24,17.50912566117756,17.61999355137254,17.186259551217866
89.26,17.508833991340826,17.619908797737516,17.186194147121583
89.28,17.50865978700464,17.619824151787896,17.186128828923504
89.3,17.50872705019626,17.6197396133852,17.186063596509488
89.32,17.50840096634584,17.6196551823911,17.18599844976552
89.34,17.50824327896904,17.619570858667476,17.18593338857776
89.36,17.508073137977107,17.619486642076353,17.185868412832495
89.38,17.50774700197726,17.619402532479977,17.185803522416197
89.4,17.50738259285925,17.619318529740735,17.185738717215475
89.42,17.507285154287167,17.61923463372122,17.185673997117085
89.44,17.507013665448614,17.619150844284196,17.185609362007952
89.46,17.50697991079408,17.619067161292616,17.185544811775134
89.48,17.506578665109576,17.618983584609577,17.18548034630586
89.5,17.50668808052247,17.618900114098405,17.185415965487493
89.52,17.506746584983752,17.61881674962257,17.185351669207574
89.54,17.506838427163956,17.618733491045738,17.18528745735377
89.56,17.506433558275095,17.61865033823174,17.18522332981391
89.58,17.506421520775856,17.618567291044588,17.185159286475972
89.6,17.506474162258865,17.618484349348485,17.18509532722809
89.62,17.506257606140302,17.6184015130078,17.185031451958547
89.64,17.506570581052607,17.61831878188707,17.184967660555767
89.66,17.506275100540403,17.61823615585102,17.18490395290835
89.68,17.505858797783528,17.61815363476455,17.184840328905015
89.7,17.505437786543396,17.61807121849275,17.18477678843465
89.72,17.505895626853217,17.617988906900866,17.18471333138629
89.74,17.506312451022186,17.617906699854327,17.184649957649118
89.76,17.506318061301183,17.61782459721875,17.18458666711246
89.78,17.506433593309893,17.617742598859895,17.184523459665805
89.8,17.50651862811217,17.61766070464373,17.184460335198782
89.82,17.506848500421604,17.61757891443639,17.184397293601172
89.84,17.50694265978389,17.617497228104174,17.184334334762898
89.86,17.506848686121184,17.61741564551357,17.184271458574045
89.88,17.506888552138737,17.617334166531226,17.18420866492483
89.9,17.506709869421304,17.617252791023972,17.18414595370563
89.92,17.506554931944066,17.61717151885882,17.184083324806974
89.94,17.506685114121503,17.617090349902934,17.184020778119518
89.96,17.5067602713764,17.617009284023684,17.183958313534085
89.98,17.50713828895617,17.616928321088576,17.18389593094163
90.0,17.50675163159136,17.616847460965317,17.183833630233273
90.02,17.5069287911298,17.616766703521765,17.183771411300263
90.04,17.507157431469665,17.61668604862597,17.183709274034015
90.06,17.507318414893145,17.61660549614615,17.18364721832607
90.08,17.507300021109064,17.616525045950684,17.183585244068126
90.1,17.507444519617373,17.616444697908133,17.18352335115203
90.12,17.50801542887666,17.616364451887232,17.183461539469764
90.14,17.507691525016966,17.616284307756878,17.183399808913457
90.16,17.507910381174316,17.616204265386138,17.183338159375406
90.18,17.50776817501949,17.616124324644268,17.183276590748026
90.2,17.507523623096844,17.616044485400668,17.183215102923885
90.22,17.50767009908536,17.615964747524938,17.183153695795696
90.24,17.508098981967898,17.61588511088682,17.18309236925632
90.26,17.508009190262744,17.615805575356244,17.183031123198763
90.28,17.507705134752104,17.6157261408033,17.182969957516175
90.3,17.508078756698698,17.61564680709826,17.182908872101834
90.32,17.50821868741128,17.615567574111548,17.182847866849187
90.34,17.50759981041076,17.61548844171378,17.182786941651813
90.36,17.507657576793488,17.615409409775715,17.18272609640343
90.38,17.507307932718827,17.6153304781683,17.182665330997903
90.4,17.506974700754775,17.61525164676264,17.182604645329246
90.42,17.507090753584,17.61517291543002,17.18254403929161
90.44,17.50675067711823,17.615094284041877,17.182483512779285
90.46,17.507007089576263,17.61501575246982,17.18242306568671
90.48,17.50700143408806,17.61493732058564,17.182362697908463
90.5,17.506162524496958,17.61485898826128,17.18230240933926
90.52,17.505689184337772,17.614780755368848,17.182242199873983
90.54,17.505583937897228,17.61470262178063,17.18218206940762
90.56,17.50538474657341,17.614624587369082,17.18212201783531
90.58,17.50568976952665,17.6145466520068,17.182062045052366
90.6,17.505309532010884,17.61446881556659,17.18200215095419
90.62,17.50523277944701,17.614391077921372,17.181942335436364
90.64,17.505206955661226,17.614313438944283,17.1818825983946
90.66,17.505067412460125,17.614235898508582,17.181822939724743
90.68,17.505115979320607,17.614158456487722,17.18176335932278
90.7,17.504620510114535,17.614081112755304,17.18170385708485
90.72,17.504286442855754,17.61400386718511,17.181644432907227
90.74,17.50426895406546,17.61392671965108,17.181585086686308
90.76,17.50440471200192,17.61384967002731,17.18152581831865
90.78,17.504194963969685,17.61377271818806,17.181466627700946
90.8,17.504641574321354,17.613695864007767,17.181407514730015
90.82,17.50433899645605,17.613619107361036,17.181348479302844
90.84,17.504129714021275,17.613542448122605,17.18128952131651
90.86,17.503851081945363,17.613465886167415,17.181230640668282
90.88,17.503596849335022,17.613389421370535,17.181171837255533
90.9,17.503571457875292,17.613313053607218,17.181113110975787
90.92,17.503994345784914,17.613236782752878,17.1810544617267
90.94,17.503823120030468,17.61316060868309,17.180995889406073
90.96,17.503380969042638,17.61308453127357,17.18093739391184
90.98,17.50314215783002,17.613008550400234,17.18087897514208
91.0,17.502881972123507,17.61293266593914,17.180820632994983
91.02,17.502909161213818,17.612856877766497,17.18076236736891
91.04,17.503078876988628,17.61278118575869,17.18070417816235
91.06,17.502859595346656,17.61270558979227,17.180646065273912
91.08,17.502456131253265,17.61263008974393,17.180588028602354
91.1,17.502922270304328,17.612554685490537,17.18053006804658
91.12,17.502522628696116,17.61247937690913,17.1804721835056
91.14,17.5028316241176,17.612404163876878,17.1804143748786
91.16,17.50294902587005,17.612329046271128,17.180356642064865
91.18,17.50293028391921,17.612254023969395,17.180298984963834
91.2,17.50284485961704,17.61217909684934,17.180241403475087
91.22,17.50265169909693,17.612104264788766,17.18018389749832
91.24,17.5024605390752,17.6120295276657,17.180126466933388
91.26,17.501886058207525,17.61195488535826,17.180069111680254
91.28,17.501880782014656,17.611880337744743,17.180011831639035
91.3,17.50144769982328,17.611805884703617,17.17995462670998
91.32,17.501354478849134,17.611731526113502,17.17989749679347
91.34,17.50097712432759,17.61165726185317,17.17984044179001
91.36,17.501275180805337,17.611583091801567,17.179783461600255
91.38,17.501644373225968,17.611509015837772,17.179726556124987
91.4,17.50182808640687,17.611435033841047,17.179669725265125
91.42,17.501750403283335,17.61136114569079,17.179612968921703
91.44,17.50190216199164,17.61128735126656,17.179556286995915
91.46,17.50152400657938,17.6112136504481,17.179499679389075
91.48,17.50151435057722,17.61114004311528,17.17944314600263
91.5,17.5017325658,17.611066529148122,17.179386686738155
91.52,17.50123011382218,17.610993108426836,17.179330301497373
91.54,17.500968262225708,17.61091978083176,17.179273990182125
91.56,17.500851867923302,17.6108465462434,17.179217752694377
91.58,17.50094379725829,17.610773404542417,17.17916158893625
91.6,17.500582961063333,17.61070035560962,17.179105498809985
91.62,17.500530167675603,17.610627399325974,17.179049482217945
91.64,17.500493438567247,17.610554535572625,17.178993539062642
91.66,17.50007404260601,17.61048176423083,17.178937669246704
91.68,17.500026057556088,17.610409085182035,17.178881872672903
91.7,17.499700395713962,17.610336498307834,17.17882614924414
91.72,17.499830160281842,17.610264003489956,17.178770498863425
91.74,17.50017577781598,17.61019160061031,17.178714921433926
91.76,17.500319417500965,17.61011928955094,17.178659416858935
91.78,17.499925262009217,17.610047070194057,17.178603985041864
91.8,17.499509744489316,17.609974942422014,17.17854862588626
91.82,17.49953775790997,17.609902906117323,17.1784933392958
91.84,17.499365610984476,17.60983096116265,17.178438125174303
91.86,17.498801763941433,17.609759107440812,17.17838298342569
91.88,17.49889661901455,17.60968734483478,17.178327913954032
91.9,17.498954217686524,17.60961567322768,17.178272916663524
91.92,17.499400046811335,17.609544092502773,17.178217991458492
91.94,17.49855688154829,17.609472602543505,17.17816313824338
91.96,17.498524432647145,17.60940120323343,17.17810835692278
91.98,17.49862322573769,17.609329894456298,17.1780536474014
92.0,17.498671718051412,17.609258676095994,17.177999009584067
92.02,17.498233848238264,17.609187548036523,17.177944443375754
92.04,17.498227413254007,17.6091165101621,17.177889948681553
92.06,17.4978380791941,17.60904556235704,17.17783552540668
92.08,17.497763722206184,17.608974704505833,17.177781173456488
92.1,17.497604616421732,17.608903936493114,17.177726892736455
92.12,17.497877070272036,17.608833258203678,17.177672683152178
92.14,17.497611735350098,17.608762669522438,17.17761854460938
92.16,17.497801192591016,17.608692170334503,17.177564477013934
92.18,17.497840862752632,17.608621760525097,17.17751048027181
92.2,17.497553550248032,17.608551439979607,17.17745655428912
92.22,17.497996289829185,17.608481208583566,17.1774026989721
92.24,17.49805402377123,17.608411066222654,17.177348914227107
92.26,17.497892303971923,17.608341012782695,17.177295199960636
92.28,17.497845353528163,17.608271048149692,17.177241556079295
92.3,17.497645029197756,17.60820117220976,17.17718798248982
92.32,17.497358828592596,17.608131384849173,17.17713447909908
92.34,17.496943851005398,17.60806168595436,17.177081045814063
92.36,17.497004349693956,17.607992075411886,17.177027682541876
92.38,17.496874852966187,17.60792255310848,17.17697438918977
92.4,17.49713079297522,17.607853118931008,17.1769211656651
92.42,17.497006054016108,17.607783772766485,17.17686801187535
92.44,17.496551539940516,17.607714514502067,17.176814927728145
92.46,17.496922498319105,17.607645344025062,17.176761913131212
92.48,17.49685938894707,17.607576261222942,17.17670896799241
92.5,17.49654464395981,17.607507265983287,17.176656092219734
92.52,17.49663282543524,17.607438358193864,17.17660328572128
92.54,17.49616414038182,17.60736953774256,17.176550548405288
92.56,17.49633784018291,17.607300804517408,17.176497880180108
92.58,17.495975969652473,17.6072321584066,17.17644528095422
92.6,17.49545323362936,17.607163599298467,17.176392750636225
92.62,17.495485284531718,17.60709512708148,17.176340289134842
92.64,17.495933345853295,17.607026741644265,17.17628789635892
92.66,17.49598542794062,17.606958442875587,17.17623557221744
92.68,17.495944345062934,17.606890230664366,17.17618331661947
92.7,17.49560578043012,17.60682210489965,17.17613112947424
92.72,17.495838518514574,17.60675406547064,17.17607901069108
92.74,17.495753027876514,17.60668611226668,17.176026960179442
92.76,17.49503780145703,17.60661824517725,17.175974977848917
92.78,17.495079621753824,17.606550464091995,17.175923063609197
92.8,17.49496949448759,17.606482768900683,17.175871217370105
92.82,17.49497849692292,17.606415159493235,17.17581943904158
92.84,17.494662842987648,17.606347635759715,17.17576772853369
92.86,17.494784602497656,17.606280197590323,17.175716085756616
92.88,17.494708865706023,17.606212844875415,17.175664510620663
92.9,17.494603507960925,17.60614557750547,17.17561300303626
92.92,17.4946178631275,17.606078395371124,17.175561562913956
92.94,17.494607887000583,17.606011298363168,17.175510190164406
92.96,17.494663813628588,17.605944286372495,17.175458884698408
92.98,17.494922795846527,17.60587735929018,17.17540764642686
93.0,17.495071595598468,17.605810517007413,17.175356475260788
93.02,17.495060238768648,17.605743759415546,17.17530537111133
93.04,17.49486269375453,17.605677086406057,17.175254333889765
93.06,17.495173708038838,17.605610497870575,17.175203363507467
93.08,17.495090377639958,17.605543993700852,17.175152459875942
93.1,17.49481102279176,17.605477573788814,17.175101622906816
93.12,17.493965911623317,17.605411238026498,17.175050852511813
93.14,17.493464249240336,17.605344986306083,17.175000148602805
93.16,17.493846690632306,17.605278818519917,17.174949511091764
93.18,17.493254147069084,17.605212734560435,17.174898939890788
93.2,17.493442973738148,17.605146734320286,17.174848434912082
93.22,17.493361085421313,17.605080817692187,17.174797996067987
93.24,17.493453663670998,17.60501498456902,17.174747623270946
93.26,17.49423141127799,17.604949234843833,17.174697316433523
93.28,17.49393313682114,17.604883568409775,17.174647075468403
93.3,17.493887017700676,17.60481798516016,17.174596900288392
93.32,17.494032279198745,17.604752484988417,17.174546790806403
93.34,17.49366535836454,17.604687067788138,17.174496746935468
93.36,17.493735849522512,17.604621733453033,17.174446768588744
93.38,17.49383178309156,17.604556481876966,17.1743968556795
93.4,17.493765039641225,17.604491312953925,17.17434700812111
93.42,17.49413293819702,17.60442622657805,17.174297225827083
93.44,17.494218121334093,17.604361222643604,17.174247508711037
93.46,17.49436187580865,17.604296301044997,17.1741978566867
93.48,17.494441043947266,17.604231461676783,17.174148269667917
93.5,17.494102780082756,17.604166704433624,17.174098747568667
93.52,17.493985071793666,17.604102029210363,17.174049290303007
93.54,17.493653994026253,17.60403743590194,17.173999897785155
93.56,17.493726686686117,17.603972924403458,17.173950569929406
93.58,17.494055768506186,17.603908494610124,17.17390130665019
93.6,17.493931346444363,17.603844146417327,17.17385210786205
93.62,17.493676444365395,17.60377987972056,17.173802973479635
93.64,17.49327094283884,17.603715694415445,17.173753903417712
93.66,17.494014294203122,17.603651590397774,17.173704897591172
93.68,17.49402809613528,17.603587567563437,17.173655955915013
93.7,17.49417152490158,17.603523625808496,17.17360707830434
93.72,17.493980390204538,17.60345976502911,17.173558264674373
93.74,17.49402271044727,17.6033959851216,17.173509514940474
93.76,17.49365348736168,17.603332285982415,17.17346082901807
93.78,17.493797269013772,17.603268667508136,17.173412206822746
93.8,17.49350379912818,17.603205129595473,17.17336364827017
93.82,17.493239604064588,17.60314167214128,17.173315153276135
93.84,17.49290102455528,17.603078295042536,17.173266721756562
93.86,17.492450037602598,17.60301499819637,17.17321835362745
93.88,17.492737540784816,17.602951781500035,17.173170048804945
93.9,17.492962101928434,17.602888644850896,17.17312180720528
93.92,17.49254982580249,17.602825588146498,17.173073628744817
93.94,17.49257313047437,17.60276261128447,17.173025513340026
93.96,17.492870261824894,17.602699714162608,17.17297746090748
93.98,17.49264290302096,17.60263689667883,17.172929471363876
94.0,17.492781358584253,17.60257415873118,17.172881544626023
94.02,17.4925445278899,17.60251150021784,17.172833680610825
94.04,17.49244566610923,17.60244892103713,17.172785879235313
94.06,17.49248540971825,17.602386421087495,17.172738140416634
94.08,17.492474104875132,17.60232400026751,17.17269046407202
94.1,17.49279914207292,17.602261658475882,17.17264285011885
94.12,17.49237602705863,17.60219939561146,17.172595298474587
94.14,17.492256004293317,17.602137211573222,17.17254780905681
94.16,17.491940261745295,17.60207510626026,17.172500381783216
94.18,17.49164909907595,17.60201307957181,17.172453016571605
94.2,17.49139553246097,17.601951131407247,17.172405713339895
94.22,17.491666430159185,17.601889261666063,17.172358472006103
94.24,17.49114505998138,17.601827470247887,17.17231129248836
94.26,17.491001222270935,17.601765757052462,17.172264174704917
94.28,17.491210707161237,17.601704121979697,17.172217118574125
94.3,17.49097054620372,17.601642564929598,17.17217012401444
94.32,17.491034190225836,17.601581085802316,17.172123190944433
94.34,17.491176592556982,17.601519684498122,17.172076319282795
94.36,17.49105628788837,17.601458360917423,17.172029508948302
94.38,17.490854585356413,17.601397114960765,17.171982759859866
94.4,17.49101619287357,17.601335946528806,17.171936071936475
94.42,17.491360536892195,17.601274855522338,17.171889445097264
94.44,17.491150223471223,17.601213841842284,17.171842879261447
94.46,17.491539294170938,17.601152905389696,17.171796374348357
94.48,17.491272021616215,17.601092046065762,17.17174993027744
94.5,17.491794114051697,17.601031263771777,17.171703546968235
94.52,17.492350767339993,17.60097055840918,17.171657224340404
94.54,17.49232282872947,17.60090992987954,17.171610962313718
94.56,17.492556535522585,17.60084937808454,17.171564760808035
94.58,17.492391689309244,17.60078890292601,17.17151861974334
94.6,17.491982171137344,17.600728504305884,17.171472539039716
94.62,17.491662951577013,17.60066818212625,17.171426518617363
94.64,17.492022507218,17.6006079362893,17.171380558396578
94.66,17.491800298714836,17.60054776669736,17.171334658297766
94.68,17.49201856401632,17.600487673252896,17.17128881824144
94.7,17.49168867488032,17.600427655858482,17.171243038148226
94.72,17.49198247990289,17.600367714416812,17.171197317938848
94.74,17.491599588530587,17.600307848830738,17.171151657534132
94.76,17.491079299135205,17.600248059003217,17.171106056855027
94.78,17.49078006000426,17.60018834483733,17.17106051582257
94.8,17.49079040905627,17.600128706236298,17.17101503435792
94.82,17.49060417908939,17.600069143103433,17.170969612382326
94.84,17.49049882398839,17.60000965534223,17.17092424981715
94.86,17.490514249496307,17.599950242856256,17.170878946583866
94.88,17.490110508850794,17.599890905549238,17.17083370260404
94.9,17.49004551477667,17.599831643324993,17.170788517799352
94.92,17.490075819370762,17.59977245608751,17.170743392091588
94.94,17.489810161017292,17.59971334374085,17.170698325402622
94.96,17.490102527413946,17.599654306189237,17.17065331765446
94.98,17.48926754919734,17.599595343337008,17.170608368769194
95.0,17.489422643823094,17.599536455088625,17.17056347866902
95.02,17.489075186307762,17.599477641348663,17.17051864727625
95.04,17.48956764473481,17.599418902021835,17.17047387451329
95.06,17.488990683744465,17.59936023701297,17.170429160302657
95.08,17.488569936193073,17.599301646227026,17.170384504566954
95.1,17.488625690694576,17.59924312956907,17.17033990722892
95.12,17.488745235288032,17.599184686944312,17.17029536821137
95.14,17.48846834678967,17.59912631825808,17.170250887437227
95.16,17.48869973680848,17.599068023415818,17.170206464829526
95.18,17.48899659050118,17.599009802323092,17.1701621003114
95.2,17.489424947316213,17.59895165488559,17.170117793806096
95.22,17.48956841469596,17.59889358100913,17.170073545236935
95.24,17.48949401715092,17.598835580599655,17.170029354527372
95.26,17.488867332831383,17.598777653563214,17.169985221600943
95.28,17.488429539319597,17.598719799805988,17.169941146381305
95.3,17.488013746994515,17.598662019234272,17.169897128792197
95.32,17.488254161726317,17.5986043117545,17.169853168757474
95.34,17.488181797537123,17.598546677273216,17.169809266201092
95.36,17.488376436425767,17.59848911569708,17.169765421047106
95.38,17.48831603506366,17.598431626932893,17.16972163321967
95.4,17.488225520489223,17.598374210887535,17.169677902643045
95.42,17.48748052740584,17.598316867468053,17.169634229241588
95.44,17.48735765296728,17.598259596581595,17.169590612939764
95.46,17.48788261208961,17.598202398135427,17.16954705366213
95.48,17.48800990397671,17.598145272036934,17.169503551333353
95.5,17.488203178957434,17.59808821819363,17.169460105878194
95.52,17.48765119195723,17.598031236513155,17.169416717221527
95.54,17.488419728571383,17.59797432690323,17.169373385288303
95.56,17.488620216723174,17.597917489271747,17.1693301100036
95.58,17.48917747354447,17.597860723526683,17.169286891292572
95.6,17.48914593920529,17.59780402957616,17.169243729080502
95.62,17.489382961110604,17.597747407328377,17.16920062329274
95.64,17.488906358819918,17.597690856691703,17.169157573854765
95.66,17.489325997168663,17.59763437757459,17.16911458069213
95.68,17.48987871511087,17.597577969885624,17.16907164373052
95.7,17.490514587015706,17.597521633533514,17.169028762895678
95.72,17.490302743199774,17.597465368427063,17.168985938113487
95.74,17.490281541667706,17.597409174475217,17.168943169309898
95.76,17.490124819400574,17.597353051587035,17.168900456410984
95.78,17.490322612003208,17.597296999671684,17.1688577993429
95.8,17.489767818665445,17.597241018638464,17.1688151980319
95.82,17.489786672321454,17.597185108396772,17.16877265240436
95.84,17.489907689320194,17.59712926885614,17.168730162386726
95.86,17.48977531772642,17.597073499926214,17.16868772790556
95.88,17.489852169296544,17.597017801516746,17.168645348887512
95.9,17.490004890210788,17.596962173537626,17.16860302525934
95.92,17.48969664674418,17.596906615898835,17.168560756947894
95.94,17.489660150469394,17.59685112851049,17.168518543880122
95.96,17.48988609580157,17.596795711282816,17.168476385983066
95.98,17.489970311062496,17.596740364126163,17.168434283183874
96.0,17.4901039373979,17.59668508695098,17.168392235409787
96.02,17.49047244774384,17.596629879667837,17.168350242588144
96.04,17.49065993733857,17.59657474218745,17.16830830464638
96.06,17.490851559436308,17.59651967442061,17.16826642151203
96.08,17.490437154869458,17.596464676278234,17.16822459311273
96.1,17.490393397460075,17.59640974767137,17.16818281937619
96.12,17.490328639518424,17.59635488851117,17.168141100230248
96.14,17.490347932058736,17.596300098708905,17.16809943560282
96.16,17.490024127729114,17.596245378175947,17.168057825421922
96.18,17.489970188113997,17.596190726823806,17.168016269615674
96.2,17.488999443141644,17.59613614456409,17.167974768112273
96.22,17.48913722051364,17.59608163130852,17.16793332084003
96.24,17.488918928140397,17.59602718696895,17.16789192772735
96.26,17.488736013269815,17.59597281145732,17.167850588702727
96.28,17.4887306755134,17.595918504685716,17.167809303694746
96.3,17.488334679377246,17.595864266566306,17.167768072632104
96.32,17.488358936736713,17.595810097011398,17.167726895443586
96.34,17.488395666296512,17.595755995933402,17.167685772058064
96.36,17.488523666332473,17.595701963244846,17.167644702404512
96.38,17.488566684709323,17.595647998858354,17.167603686412008
96.4,17.48865851594844,17.59559410268668,17.167562724009702
96.42,17.48845094358359,17.595540274642705,17.167521815126864
96.44,17.48829640974838,17.595486514639386,17.16748095969284
96.46,17.488090224731852,17.595432822589807,17.167440157637078
96.48,17.488007054891,17.595379198407187,17.167399408889125
96.5,17.488376518647893,17.595325642004845,17.167358713378615
96.52,17.488445942317902,17.59527215329619,17.16731807103527
96.54,17.488877576510383,17.59521873219476,17.167277481788926
96.56,17.488914812793194,17.59516537861422,17.167236945569492
96.58,17.48974967888313,17.595112092468316,17.167196462306986
96.6,17.490112664570013,17.595058873670933,17.16715603193151
96.62,17.489910570153686,17.595005722136055,17.167115654373255
96.64,17.4897770936933,17.594952637777777,17.16707532956253
96.66,17.49007045111004,17.594899620510297,17.16703505742971
96.68,17.49016090130393,17.59484667024795,17.16699483790527
96.7,17.490884202791108,17.594793786905157,17.166954670919793
96.72,17.49108723833371,17.594740970396465,17.166914556403935
96.74,17.49094398094757,17.594688220636513,17.16687449428845
96.76,17.49106037824586,17.594635537540068,17.16683448450419
96.78,17.49122139857149,17.594582921022006,17.166794526982102
96.8,17.490842470763848,17.594530370997308,17.16675462165321
96.82,17.490817357971732,17.594477887381064,17.166714768448653
96.84,17.490849804253735,17.594425470088478,17.166674967299638
96.86,17.49061387385682,17.594373119034856,17.166635218137483
96.88,17.490746404694146,17.594320834135623,17.166595520893587
96.9,17.490165713750425,17.594268615306312,17.16655587549944
96.92,17.490212986675825,17.594216462462555,17.16651628188663
96.94,17.489850757000678,17.594164375520123,17.166476739986837
96.96,17.489589346053535,17.594112354394845,17.166437249731825
96.98,17.48943851311,17.594060399002704,17.166397811053454
97.0,17.489461097412864,17.594008509259783,17.16635842388368
97.02,17.488903182328556,17.59395668508225,17.16631908815454
97.04,17.489015507427624,17.593904926386404,17.16627980379816
97.06,17.488758978747573,17.593853233088648,17.16624057074678
97.08,17.489114161523123,17.593801605105497,17.166201388932688
97.1,17.489073513224117,17.59375004235356,17.166162258288313
97.12,17.488807518324933,17.59369854474956,17.166123178746137
97.14,17.48946668676567,17.593647112210338,17.16608415023874
97.16,17.489483300878753,17.593595744652827,17.166045172698805
97.18,17.489834859740586,17.59354444199408,17.166006246059098
97.2,17.48957476250105,17.593493204151258,17.165967370252464
97.22,17.489436664584552,17.593442031041615,17.165928545211848
97.24,17.489315888934023,17.59339092258252,17.165889770870294
97.26,17.4889415104763,17.593339878691452,17.16585104716092
97.28,17.48959265546117,17.593288899285994,17.165812374016934
97.3,17.4888424579474,17.593237984283842,17.16577375137164
97.32,17.48843064248296,17.593187133602783,17.16573517915843
97.34,17.48846689785993,17.59313634716072,17.165696657310786
97.36,17.488147100888725,17.593085624875666,17.16565818576227
97.38,17.48854363349566,17.59303496666574,17.16561976444655
97.4,17.488936363195144,17.59298437244916,17.16558139329736
97.42,17.488678915688155,17.59293384214424,17.16554307224854
97.44,17.48899623665829,17.592883375669434,17.165504801234018
97.46,17.48931804953184,17.59283297294326,17.165466580187793
97.48,17.489433063134587,17.592782633884376,17.165428409043976
97.5,17.488995969989883,17.592732358411517,17.165390287736752
97.52,17.48907296026331,17.592682146443547,17.165352216200393
97.54,17.488811619837435,17.592631997899414,17.165314194369262
97.56,17.48865799969437,17.592581912698193,17.165276222177805
97.58,17.488591114496444,17.592531890759044,17.165238299560578
97.6,17.48870689152781,17.592481932001238,17.165200426452188
97.62,17.488887917383167,17.59243203634416,17.165162602787355
97.64,17.48883925576713,17.592382203707277,17.16512482850088
97.66,17.48870393652688,17.59233243401019,17.165087103527647
97.68,17.488383837658965,17.592282727172577,17.165049427802636
97.7,17.48886802898081,17.592233083114234,17.165011801260906
97.72,17.488995498092276,17.592183501755063,17.1649742238376
97.74,17.489078811456743,17.592133983015053,17.164936695467958
97.76,17.489494969056466,17.592084526814308,17.164899216087296
97.78,17.48922833791078,17.592035133073043,17.16486178563102
97.8,17.489157355557325,17.591985801711566,17.164824404034636
97.82,17.489247639138984,17.591936532650287,17.164787071233714
97.84,17.48896551202622,17.59188732580973,17.164749787163917
97.86,17.48922121011285,17.5918381811105,17.164712551761
97.88,17.48927523585781,17.591789098473328,17.164675364960804
97.9,17.488951477228756,17.59174007781903,17.16463822669925
97.92,17.48902724791486,17.59169111906854,17.164601136912342
97.94,17.489481812600296,17.591642222142884,17.16456409553618
97.96,17.489137721216355,17.591593386963183,17.164527102506934
97.98,17.488932384502654,17.591544613450687,17.16449015776088
98.0,17.48900234159254,17.591495901526716,17.164453261234364
98.02,17.48891351626584,17.591447251112708,17.16441641286382
98.04,17.487781100747526,17.5913986621302,17.164379612585762
98.06,17.48778171449033,17.591350134500832,17.164342860336802
98.08,17.487531822711013,17.591301668146354,17.164306156053627
98.1,17.488042090496503,17.591253262988584,17.164269499673004
98.12,17.48798017761967,17.59120491894949,17.1642328911318
98.14,17.487661230175554,17.591156635951094,17.164196330366952
98.16,17.487826093709202,17.59110841391555,17.164159817315483
98.18,17.48754378678932,17.591060252765097,17.16412335191451
98.2,17.487372221381065,17.591012152422092,17.164086934101228
98.22,17.487482342162412,17.590964112808958,17.164050563812904
98.24,17.487744925652816,17.590916133848268,17.16401424098691
98.26,17.487627127006856,17.590868215462645,17.163977965560687
98.28,17.487487593718992,17.59082035757484,17.163941737471763
98.3,17.487649521556097,17.5907725601077,17.163905556657753
98.32,17.487864065944468,17.590724822984175,17.163869423056354
98.34,17.48798351469678,17.590677146127295,17.163833336605343
98.36,17.488106306271256,17.59062952946022,17.163797297242574
98.38,17.488046026323534,17.590581972906183,17.163761304906004
98.4,17.487853584002437,17.59053447638853,17.16372535953365
98.42,17.487683925595842,17.5904870398307,17.16368946106363
98.44,17.48777788936159,17.59043966315623,17.16365360943413
98.46,17.48793548342525,17.59039234628877,17.163617804583428
98.48,17.48815964598458,17.590345089152052,17.163582046449882
98.5,17.488416642228657,17.590297891669906,17.16354633497193
98.52,17.488283486093792,17.59025075376627,17.163510670088094
98.54,17.48784872543627,17.590203675365185,17.16347505173698
98.56,17.48772719492296,17.59015665639077,17.163439479857274
98.58,17.48722301014824,17.59010969676726,17.163403954387743
98.6,17.486827562099986,17.590062796418984,17.16336847526723
98.62,17.486902921640766,17.590015955270353,17.163333042434672
98.64,17.486944444724013,17.58996917324591,17.16329765582908
98.66,17.487261268903247,17.589922450270254,17.16326231538955
98.68,17.48727533620062,17.58987578626812,17.163227021055253
98.7,17.48676489445253,17.5898291811643,17.163191772765444
98.72,17.486922489776976,17.58978263488373,17.163156570459464
98.74,17.487124477027827,17.58973614735141,17.163121414076734
98.76,17.48690978177785,17.58968971849243,17.163086303556742
98.78,17.487061850696772,17.58964334823201,17.163051238839078
98.8,17.487119360941982,17.58959703649544,17.1630162198634
98.82,17.487037956559348,17.589550783208114,17.16298124656944
98.84,17.487036989239645,17.589504588295526,17.162946318897028
98.86,17.486625030974785,17.589458451683264,17.162911436786064
98.88,17.486678223058142,17.589412373297016,17.162876600176528
98.9,17.4869925127594,17.58936635306255,17.162841809008476
98.92,17.48699527536791,17.589320390905748,17.162807063222058
98.94,17.487279449596155,17.589274486752576,17.162772362757494
98.96,17.486955478307205,17.58922864052911,17.162737707555078
98.98,17.486733213451863,17.5891828521615,17.162703097555198
99.0,17.486666970812724,17.58913712157601,17.162668532698312
99.02,17.487117895982976,17.589091448698998,17.162634012924958
99.04,17.486733077796547,17.589045833456893,17.16259953817575
99.06,17.487231519388107,17.589000275776257,17.1625651083914
99.08,17.487477416211867,17.58895477558372,17.16253072351267
99.1,17.48743633463743,17.588909332806004,17.162496383480427
99.12,17.487392044352983,17.588863947369962,17.162462088235596
99.14,17.487728497557715,17.588818619202485,17.1624278377192
99.16,17.487127344339385,17.588773348230607,17.162393631872327
99.18,17.48724650610337,17.588728134381423,17.16235947063614
99.2,17.487215505150058,17.588682977582152,17.1623253539519
99.22,17.487190125414735,17.588637877760092,17.162291281760925
99.24,17.48701720155943,17.58859283484262,17.162257254004626
99.26,17.48746023566821,17.58854784875723,17.16222327062449
99.28,17.487219583502302,17.588502919431498,17.162189331562075
99.3,17.487197502451103,17.588458046793097,17.162155436759015
99.32,17.487400765473897,17.5884132307698,17.16212158615704
99.34,17.487464083652487,17.588368471289453,17.162087779697934
99.36,17.487921508019767,17.588323768280016,17.162054017323573
99.38,17.487857319583615,17.58827912166953,17.162020298975918
99.4,17.487915795675736,17.58823453138614,17.161986624596974
99.42,17.48739005577701,17.58818999735806,17.161952994128864
99.44,17.486687888995238,17.588145519513624,17.161919407513764
99.46,17.485782280470822,17.58810109778126,17.161885864693943
99.48,17.486018596836484,17.588056732089456,17.16185236561172
99.5,17.485917776738265,17.588012422366816,17.16181891020952
99.52,17.486391681203017,17.587968168542034,17.161785498429822
99.54,17.486027720354866,17.58792397054391,17.161752130215206
99.56,17.486686740670688,17.58787982830129,17.161718805508304
99.58,17.487360418547254,17.58783574174316,17.161685524251844
99.6,17.487167262504183,17.587791710798573,17.161652286388616
99.62,17.48735930162272,17.587747735396704,17.16161909186149
99.64,17.48794923980051,17.587703815466753,17.16158594061342
99.66,17.487528025056232,17.587659950938093,17.161552832587432
99.68,17.487577261833405,17.587616141740124,17.161519767726617
99.7,17.48810915267318,17.58757238780237,17.161486745974155
99.72,17.488303591146085,17.58752868905444,17.161453767273297
99.74,17.48834778262407,17.587485045426032,17.161420831567373
99.76,17.48790348277303,17.58744145684693,17.161387938799788
99.78,17.488146845041484,17.587397923247014,17.16135508891401
99.8,17.488110257119107,17.587354444556258,17.1613222818536
99.82,17.48838098696763,17.587311020704718,17.161289517562185
99.84,17.488442211045808,17.587267651622543,17.16125679598347
99.86,17.488389825224992,17.587224337239974,17.16122411706123
99.88,17.488167905912817,17.587181077487344,17.16119148073932
99.9,17.487944841933743,17.587137872295067,17.161158886961672
99.92,17.488168539460936,17.58709472159365,17.16112633567229
99.94,17.48831638708663,17.58705162531371,17.161093826815247
99.96,17.487951698671637,17.587008583385916,17.161061360334692
99.98,17.48773369706429,17.586965595741052,17.161028936174855
100.0,17.488242465367005,17.586922662309995,17.16099655428004
100.02,17.488127090568344,17.586879783023686,17.160964214594625
100.04,17.488170108204187,17.58683695781318,17.160931917063046
100.06,17.487851526337714,17.586794186609612,17.160899661629838
100.08,17.48736375866267,17.586751469344208,17.160867448239596
100.1,17.487799918243006,17.586708805948263,17.16083527683699
100.12,17.487604163548596,17.586666196353185,17.16080314736676
100.14,17.487569291492605,17.586623640490487,17.160771059773733
100.16,17.487541592664908,17.586581138291717,17.160739014002797
100.18,17.487540568921112,17.58653868968855,17.16070700999891
100.2,17.4870989971583,17.586496294612736,17.16067504770712
100.22,17.48757513378719,17.586453952996123,17.160643127072536
100.24,17.487419250239704,17.586411664770637,17.16061124804034
100.26,17.487168830018774,17.586369429868295,17.16057941055579
100.28,17.487174460757043,17.586327248221206,17.16054761456422
100.3,17.487977635514405,17.586285119761563,17.160515860011028
100.32,17.488186563204447,17.586243044421636,17.1604841468417
100.34,17.487998328356724,17.586201022133803,17.16045247500177
100.36,17.487656790343944,17.58615905283051,17.160420844436874
100.38,17.487316864189218,17.586117136444305,17.160389255092692
100.4,17.487695186966,17.586075272907813,17.160357706915004
100.42,17.487416211274827,17.586033462153754,17.160326199849635
100.44,17.487373131695076,17.58599170411492,17.160294733842505
100.46,17.487335460835297,17.585949998724207,17.160263308839593
100.48,17.487092240469636,17.585908345914582,17.160231924786945
100.5,17.487385577146785,17.585866745619132,17.160200581630704
100.52,17.487212496659968,17.58582519777097,17.16016927931705
100.54,17.487119152302405,17.585783702303353,17.160138017792267
100.56,17.486760842742967,17.585742259149587,17.16010679700269
100.58,17.486514660550796,17.585700868243084,17.160075616894726
100.6,17.48718753683525,17.585659529517343,17.160044477414868
100.62,17.487088498896703,17.585618242905923,17.160013378509664
100.64,17.486878413235274,17.585577008342504,17.159982320125746
100.66,17.486942559971265,17.585535825760832,17.1599513022098
100.68,17.48726553579131,17.585494695094745,17.15992032470861
100.7,17.487402373666374,17.585453616278144,17.159889387569002
100.72,17.487129791344227,17.585412589245042,17.15985849073789
100.74,17.48746383267066,17.585371613929535,17.159827634162262
100.76,17.487496749419304,17.585330690265792,17.159796817789154
100.78,17.487705925898894,17.58528981818808,17.1597660415657
100.8,17.487015079645957,17.58524899763073,17.15973530543908
100.82,17.48680534487128,17.58520822852817,17.15970460935657
100.84,17.486518033313704,17.58516751081493,17.15967395326549
100.86,17.486965847946568,17.585126844425584,17.159643337113256
100.88,17.486118662541173,17.585086229294838,17.159612760847324
100.9,17.486341070807068,17.585045665357438,17.159582224415246
100.92,17.48589378563487,17.58500515254824,17.159551727764637
100.94,17.485630882149767,17.58496469080218,17.159521270843168
100.96,17.485181935204952,17.584924280054285,17.159490853598598
100.98,17.484912818525814,17.584883920239637,17.159460475978754
101.0,17.485411691845496,17.58484361129342,17.159430137931512
101.02,17.484310465802878,17.584803353150924,17.159399839404834
101.04,17.48376547276926,17.584763145747484,17.15936958034676
101.06,17.483786070535103,17.58472298901854,17.15933936070538
101.08,17.483667045409863,17.584682882899607,17.159309180428867
101.1,17.48429494207338,17.58464282732629,17.15927903946545
101.12,17.484387773000392,17.58460282223427,17.159248937763433
101.14,17.48374096619696,17.58456286755932,17.1592188752712
101.16,17.483709889409045,17.584522963237283,17.15918885193719
101.18,17.48320723467426,17.584483109204093,17.159158867709912
101.2,17.483218127210222,17.584443305395762,17.15912892253794
101.22,17.48325265715666,17.58440355174839,17.159099016369925
101.24,17.48317563169389,17.584363848198162,17.15906914915459
101.26,17.48301404109771,17.58432419468133,17.15903932084072
101.28,17.482722210414952,17.58428459113425,17.15900953137716
101.3,17.482457675275054,17.584245037493332,17.158979780712826
101.32,17.482735577395157,17.584205533695098,17.158950068796724
101.34,17.48227619785625,17.584166079676127,17.158920395577894
101.36,17.482226044314473,17.5841266753731,17.158890761005473
101.38,17.482739932879284,17.58408732072276,17.158861165028647
101.4,17.483167980828973,17.584048015661946,17.158831607596674
101.42,17.48251374910979,17.58400876012757,17.15880208865888
101.44,17.48247833552658,17.583969554056644,17.158772608164668
101.46,17.482352311763478,17.58393039738622,17.158743166063495
101.48,17.48228696589778,17.583891290053472,17.158713762304885
101.5,17.48259384343914,17.58385223199564,17.158684396838442
101.52,17.48239336399571,17.58381322315004,17.158655069613825
101.54,17.482488839671333,17.58377426345408,17.15862578058076
101.56,17.482093242774305,17.583735352845242,17.158596529689056
101.58,17.481881466431478,17.58369649126108,17.158567316888565
101.6,17.481697268788956,17.583657678639234,17.158538142129224
101.62,17.482148897218043,17.583618914917434,17.15850900536103
101.64,17.482201670562024,17.583580200033484,17.15847990653404
101.66,17.482282185838557,17.583541533925267,17.15845084559839
101.68,17.48231854487661,17.583502916530744,17.158421822504277
101.7,17.482215763290387,17.583464347787956,17.158392837201962
101.72,17.482450475570243,17.583425827635033,17.158363889641766
101.74,17.482744401176056,17.583387356010164,17.158334979774096
101.76,17.482604824921214,17.583348932851653,17.158306107549404
101.78,17.48249561545829,17.583310558097835,17.158277272918223
101.8,17.482555510003355,17.583272231687175,17.158248475831137
101.82,17.48274409609387,17.583233953558178,17.158219716238815
101.84,17.48270277851451,17.583195723649446,17.158190994091967
101.86,17.482380305238152,17.58315754189966,17.158162309341396
101.88,17.482227156248364,17.58311940824758,17.158133661937946
101.9,17.481842481217065,17.583081322632033,17.158105051832543
101.92,17.481185432673787,17.58304328499193,17.158076478976167
101.94,17.481021969590483,17.583005295266286,17.158047943319875
101.96,17.480630548660486,17.582967353394146,17.158019444814776
101.98,17.480643744486482,17.58292945931468,17.15799098341205
102.0,17.48030285266427,17.582891612967114,17.157962559062952
102.02,17.480358287525522,17.58285381429074,17.15793417171878
102.04,17.480221130859213,17.582816063224957,17.15790582133091
102.06,17.480395294293857,17.582778359709227,17.15787750785079
102.08,17.481211276499273,17.582740703683083,17.157849231229918
102.1,17.480911852415442,17.582703095086153,17.157820991419868
102.12,17.48050674245583,17.582665533858123,17.157792788372266
102.14,17.48086867225409,17.582628019938774,17.15776462203881
102.16,17.481479632823934,17.58259055326795,17.157736492371264
102.18,17.48123797991225,17.582553133785588,17.15770839932145
102.2,17.48088933859332,17.582515761431697,17.15768034284126
102.22,17.48078760451243,17.582478436146342,17.157652322882647
102.24,17.480747443422935,17.582441157869706,17.157624339397632
102.26,17.480719889222886,17.582403926542007,17.157596392338288
102.28,17.4804596374427,17.58236674210357,17.157568481656764
102.3,17.48016525465649,17.582329604494785,17.157540607305265
102.32,17.480342631594223,17.582292513656114,17.15751276923607
102.34,17.480389732423564,17.582255469528107,17.15748496740151
102.36,17.480099356741224,17.582218472051387,17.157457201753985
102.38,17.479537226576042,17.58218152116664,17.157429472245955
102.4,17.47973948300897,17.582144616814645,17.157401778829943
102.42,17.480121055656905,17.582107758936253,17.157374121458542
102.44,17.48020890593816,17.58207094747239,17.157346500084397
102.46,17.480486429588,17.582034182364055,17.157318914660227
102.48,17.480535972872634,17.581997463552323,17.15729136513881
102.5,17.4803298180266,17.581960790978357,17.15726385147298
102.52,17.480564533760067,17.581924164583377,17.157236373615643
102.54,17.48072899264816,17.581887584308685,17.157208931519765
102.56,17.48077775964673,17.58185105009568,17.15718152513837
102.58,17.48073775473798,17.5818145618858,17.15715415442455
102.6,17.480405980424763,17.58177811962057,17.157126819331452
102.62,17.48037385422622,17.58174172324161,17.1570995198123
102.64,17.480387344377426,17.5817053726906,17.157072255820363
102.66,17.48019012511786,17.581669067909285,17.157045027308982
102.68,17.48071837633263,17.581632808839515,17.157017834231556
102.7,17.48055098700929,17.58159659542317,17.156990676541547
102.72,17.480214627635885,17.581560427602252,17.156963554192476
102.74,17.480091744562294,17.581524305318805,17.156936467137943
102.76,17.480236323651702,17.581488228514964,17.156909415331583
102.78,17.479822519487378,17.581452197132933,17.156882398727106
102.8,17.47948387659926,17.581416211114977,17.156855417278283
102.82,17.479689088772325,17.581380270403468,17.15682847093895
102.84,17.479760835654478,17.581344374940826,17.156801559663
102.86,17.47978444955492,17.58130852466954,17.156774683404386
102.88,17.480086308979995,17.581272719532205,17.156747842117124
102.9,17.48003126322825,17.58123695947145,17.15672103575529
102.92,17.48030733055768,17.581201244430016,17.15669426427302
102.94,17.480158415543343,17.581165574350674,17.156667527624517
102.96,17.47996604172198,17.581129949176315,17.156640825764036
102.98,17.479518489306702,17.581094368849875,17.1566141586459
103.0,17.479486130000314,17.58105883331438,17.1565875262245
103.02,17.47943083808105,17.58102334251289,17.15656092845426
103.04,17.479700167274718,17.580987896388592,17.15653436528969
103.06,17.47961972640276,17.58095249488472,17.15650783668536
103.08,17.479327018412445,17.58091713794458,17.156481342595875
103.1,17.47858230725955,17.58088182551155,17.156454882975932
103.12,17.478930951808753,17.58084655752908,17.156428457780276
103.14,17.478750675456336,17.58081133394071,17.1564020669637
103.16,17.478968614261795,17.58077615469003,17.156375710481072
103.18,17.479112464104812,17.58074101972072,17.15634938828732
103.2,17.478941234497203,17.58070592897651,17.156323100337424
103.22,17.478733685074104,17.58067088240123,17.156296846586425
103.24,17.47841864139006,17.580635879938765,17.15627062698942
103.26,17.47795141575265,17.580600921533073,17.156244441501585
103.28,17.478127305452375,17.580566007128187,17.156218290078137
103.3,17.47844784217417,17.580531136668228,17.156192172674352
103.32,17.478603539695094,17.58049631009735,17.156166089245573
103.34,17.47813937657564,17.580461527359805,17.1561400397472
103.36,17.47753195146838,17.58042678839993,17.1561140241347
103.38,17.477949144912483,17.5803920931621,17.156088042363578
103.4,17.47743314705879,17.580357441590788,17.156062094389416
103.42,17.47737185626259,17.580322833630518,17.156036180167856
103.44,17.47710580043267,17.58028826922591,17.15601029965459
103.46,17.476925635804825,17.58025374832163,17.155984452805367
103.48,17.476825013046284,17.58021927086243,17.155958639576006
103.5,17.476727490310147,17.580184836793126,17.155932859922373
103.52,17.47646184097983,17.580150446058614,17.155907113800406
103.54,17.476766498003226,17.58011609860386,17.155881401166084
103.56,17.47658567108586,17.580081794373875,17.155855721975463
103.58,17.477088964157765,17.58004753331377,17.15583007618464
103.6,17.477091410865963,17.58001331536874,17.155804463749785
103.62,17.477130988235018,17.579979140483985,17.155778884627114
103.64,17.4772797025287,17.579945008604867,17.155753338772914
103.66,17.477621414337467,17.57991091967673,17.155727826143508
103.68,17.478025298416824,17.57987687364505,17.155702346695314
103.7,17.478629444518592,17.579842870455337,17.155676900384766
103.72,17.478768469966234,17.5798089100532,17.155651487168388
103.74,17.47874257683181,17.579774992384294,17.155626107002742
103.76,17.478859208031725,17.579741117394345,17.15560075984446
103.78,17.478779370176905,17.57970728502918,17.155575445650218
103.8,17.478659789509383,17.579673495234648,17.155550164376766
103.82,17.47831585535234,17.57963974795671,17.155524915980898
103.84,17.478317223655182,17.579606043141357,17.15549970041948
103.86,17.47863720073364,17.579572380734696,17.15547451764941
103.88,17.478763934275673,17.57953876068285,17.15544936762767
103.9,17.479020478227106,17.579505182932063,17.155424250311288
103.92,17.479227551008552,17.579471647428615,17.155399165657343
103.94,17.47898564397778,17.579438154118854,17.155374113622987
103.96,17.479401085806256,17.57940470294922,17.15534909416541
103.98,17.47944205145312,17.5793712938662,17.155324107241864
104.0,17.479631803393993,17.57933792681637,17.155299152809675
104.02,17.478984900276586,17.579304601746347,17.155274230826198
104.04,17.478825837092526,17.57927131860285,17.15524934124887
104.06,17.478738389289855,17.579238077332633,17.15522448403517
104.08,17.478770560967835,17.579204877882532,17.155199659142628
104.1,17.47878695433134,17.57917172019948,17.155174866528853
104.12,17.478974467084655,17.57913860423042,17.15515010615148
104.14,17.47872739953172,17.579105529922412,17.15512537796823
104.16,17.478476409885317,17.579072497222562,17.155100681936858
104.18,17.478825669203825,17.579039506078047,17.15507601801519
104.2,17.479169938305404,17.579006556436124,17.155051386161098
104.22,17.47907855745034,17.5789736482441,17.15502678633251
104.24,17.47908206231527,17.578940781449347,17.155002218487414
104.26,17.47919025208676,17.57890795599933,17.154977682583855
104.28,17.479308784726012,17.578875171841563,17.154953178579937
104.3,17.4789534742604,17.578842428923625,17.154928706433804
104.32,17.479057305976006,17.578809727193168,17.154904266103667
104.34,17.479185483230168,17.57877706659792,17.154879857547797
104.36,17.479076306151327,17.578744447085654,17.15485548072451
104.38,17.479480096007528,17.578711868604227,17.154831135592183
104.4,17.479334808625346,17.57867933110156,17.154806822109244
104.42,17.479072108350227,17.578646834525642,17.154782540234184
104.44,17.478816440793555,17.578614378824525,17.154758289925535
104.46,17.478625387659573,17.578581963946327,17.1547340711419
104.48,17.478430633203423,17.57854958983924,17.15470988384193
104.5,17.478371347052658,17.578517256451516,17.15468572798433
104.52,17.47807190674743,17.578484963731473,17.154661603527856
104.54,17.47840961812672,17.578452711627502,17.15463751043133
104.56,17.478830546791986,17.57842050008804,17.154613448653617
104.58,17.478499918288183,17.578388329061625,17.15458941815364
104.6,17.478124517850393,17.578356198496834,17.154565418890385
104.62,17.47817270538174,17.578324108342315,17.154541450822872
104.64,17.478224425606943,17.578292058546783,17.154517513910204
104.66,17.478526458319582,17.578260049059026,17.154493608111512
104.68,17.478576835548147,17.57822807982789,17.154469733385994
104.7,17.478691300671592,17.57819615080228,17.154445889692905
104.72,17.478597300477738,17.578164261931196,17.154422076991548
104.74,17.478686661534965,17.57813241316367,17.154398295241272
104.76,17.478945454721533,17.578100604448807,17.154374544401495
104.78,17.479101329179397,17.578068835735795,17.154350824431685
104.8,17.4789387841691,17.578037106973866,17.15432713529136
104.82,17.478780630033484,17.578005418112323,17.154303476940093
104.84,17.478908774123195,17.577973769100552,17.154279849337502
104.86,17.47859009522774,17.577942159887964,17.154256252443286
104.88,17.47874124811624,17.577910590424086,17.154232686217156
104.9,17.4791171400209,17.57787906065848,17.154209150618918
104.92,17.478559942786834,17.577847570540758,17.154185645608404
104.94,17.478604205544944,17.577816120020625,17.154162171145504
104.96,17.478704166230294,17.57778470904784,17.154138727190176
104.98,17.478552430420347,17.57775333757223,17.154115313702412
105.0,17.478408031236345,17.577722005543688,17.154091930642263
105.02,17.478725317895474,17.577690712912155,17.154068577969834
105.04,17.47816571695088,17.57765945962764,17.154045255645293
105.06,17.477940635600447,17.577628245640255,17.154021963628843
105.08,17.477813449313107,17.577597070900133,17.15399870188075
105.1,17.477670769261255,17.57756593535746,17.153975470361335
105.12,17.477445070160766,17.577534838962528,17.153952269030963
105.14,17.477960400268767,17.577503781665673,17.153929097850053
105.16,17.477934802865615,17.577472763417298,17.153905956779084
105.18,17.478227246714727,17.57744178416786,17.153882845778586
105.2,17.478264610173902,17.577410843867895,17.153859764809134
105.22,17.47814347328785,17.57737994246798,17.153836713831364
105.24,17.477483475887883,17.57734907991879,17.153813692805947
105.26,17.477686676103797,17.57731825617102,17.153790701693634
105.28,17.477880016874867,17.577287471175467,17.153767740455205
105.3,17.477744314528497,17.577256724882957,17.153744809051492
105.32,17.477672864133257,17.57722601724442,17.15372190744341
105.34,17.477703286283734,17.577195348210818,17.153699035591874
105.36,17.477999093379022,17.577164717733183,17.153676193457898
105.38,17.477650720571052,17.57713412576261,17.153653381002524
105.4,17.47761835967072,17.577103572250245,17.15363059818685
105.42,17.4774070565388,17.577073057147324,17.153607844972026
105.44,17.477433510725458,17.577042580405138,17.153585121319253
105.46,17.477505115154674,17.577012141975022,17.153562427189776
105.48,17.477599285935913,17.576981741808382,17.153539762544916
105.5,17.477393223402146,17.576951379856695,17.15351712734602
105.52,17.477215303589833,17.576921056071484,17.153494521554492
105.54,17.477330998313604,17.576890770404365,17.15347194513179
105.56,17.477278683505073,17.57686052280697,17.15344939803943
105.58,17.477719545326348,17.57683031323104,17.153426880238964
105.6,17.478382069524184,17.576800141628347,17.153404391692003
105.62,17.478350940888923,17.576770007950724,17.15338193236021
105.64,17.477920113793456,17.5767399121501,17.15335950220531
105.66,17.478436138278365,17.576709854178414,17.15333710118905
105.68,17.478405940420526,17.57667983398772,17.15331472927324
105.7,17.478513429245996,17.576649851530085,17.15329238641976
105.72,17.478736762141914,17.57661990675768,17.153270072590516
105.74,17.47923923201146,17.576589999622705,17.153247787747475
105.76,17.4784312807994,17.57656013007744,17.153225531852655
105.78,17.47852617440606,17.576530298074207,17.153203304868118
105.8,17.477936280352885,17.57650050356542,17.153181106755984
105.82,17.478043860334065,17.576470746503528,17.15315893747842
105.84,17.478364351728107,17.576441026841042,17.153136796997636
105.86,17.478117329378478,17.576411344530555,17.153114685275906
105.88,17.477695960117952,17.576381699524696,17.15309260227554
105.9,17.477594630514808,17.57635209177617,17.153070547958905
105.92,17.477248048970115,17.57632252123773,17.15304852228843
105.94,17.47689422181311,17.57629298786221,17.153026525226565
105.96,17.476672157679868,17.576263491602486,17.153004556735834
105.98,17.47650787159069,17.576234032411506,17.152982616778797
106.0,17.476851319155188,17.57620461024226,17.15296070531808
106.02,17.47658571877995,17.576175225047816,17.152938822316333
106.04,17.476239099016162,17.576145876781315,17.152916967736278
106.06,17.475930464616464,17.57611656539591,17.152895141540682
106.08,17.47521614630646,17.57608729084487,17.152873343692352
106.1,17.474938555443828,17.576058053081482,17.152851574154152
106.12,17.475538511186613,17.576028852059114,17.15282983288899
106.14,17.47551618589322,17.575999687731194,17.152808119859834
106.16,17.475445250369585,17.5759705600512,17.152786435029682
106.18,17.475155232843026,17.575941468972676,17.152764778361604
106.2,17.47500439334899,17.575912414449213,17.152743149818694
106.22,17.475486548907494,17.57588339643449,17.15272154936412
106.24,17.475056456331245,17.57585441488222,17.15269997696108
106.26,17.47491005949474,17.575825469746178,17.15267843257283
106.28,17.474899803488327,17.5757965609802,17.152656916162673
106.3,17.47481330311909,17.57576768853821,17.15263542769396
106.32,17.474219569749703,17.57573885237413,17.152613967130083
106.34,17.47459100829611,17.575710052442002,17.1525925344345
106.36,17.474651749391082,17.57568128869589,17.152571129570703
106.38,17.47431517901785,17.57565256108993,17.15254975250223
106.4,17.474263948855754,17.57562386957831,17.15252840319269
106.42,17.474130183309338,17.575595214115292,17.1525070816057
106.44,17.4740793205303,17.57556659465518,17.152485787704975
106.46,17.474130161584096,17.57553801115235,17.15246452145423
106.48,17.473775890909327,17.575509463561225,17.15244328281727
106.5,17.47349950121077,17.575480951836276,17.152422071757908
106.52,17.47383359627921,17.57545247593207,17.15240088824004
106.54,17.4738650593229,17.575424035803202,17.15237973222759
106.56,17.474199282980965,17.575395631404323,17.152358603684533
106.58,17.473754801135502,17.57536726269016,17.15233750257489
106.6,17.473638513234533,17.57533892961548,17.152316428862743
106.62,17.473682771106265,17.575310632135135,17.152295382512207
106.64,17.47340371058155,17.575282370204004,17.15227436348744
106.66,17.47345239548761,17.575254143777045,17.152253371752664
106.68,17.473246510244657,17.57522595280926,17.15223240727214
106.7,17.47325932062343,17.575197797255715,17.15221147001018
106.72,17.473835158338545,17.57516967707153,17.152190559931128
106.74,17.473538499115346,17.57514159221188,17.15216967699941
106.76,17.47336745697397,17.575113542632025,17.152148821179452
106.78,17.473481882499538,17.57508552828724,17.152127992435766
106.8,17.47338595059475,17.575057549132893,17.15210719073289
106.82,17.473877548495878,17.575029605124385,17.152086416035417
106.84,17.474324577390004,17.575001696217175,17.15206566830799
106.86,17.474158023826114,17.5749738223668,17.152044947515286
106.88,17.474238970649285,17.57494598352884,17.152024253622045
106.9,17.474470491109173,17.57491817965892,17.15200358659304
106.92,17.474497042466343,17.574890410712747,17.151982946393094
106.94,17.474367051799028,17.574862676646063,17.151962332987086
106.96,17.474043835103643,17.574834977414685,17.151941746339926
106.98,17.474137453101925,17.57480731297448,17.151921186416583
107.0,17.473906226480764,17.574779683281353,17.151900653182068
107.02,17.473666533166586,17.5747520882913,17.15188014660143
107.04,17.47367405977402,17.574724527960335,17.151859666639794
107.06,17.473811873053275,17.574697002244577,17.151839213262285
107.08,17.47372473940637,17.574669511100137,17.15181878643411
107.1,17.47410146033404,17.57464205448325,17.15179838612051
107.12,17.474128741769576,17.574614632350155,17.15177801228677
107.14,17.473965773698016,17.574587244657174,17.151757664898227
107.16,17.473946908578956,17.57455989136067,17.15173734392026
107.18,17.474236667120465,17.574532572417077,17.151717049318293
107.2,17.47417233419329,17.574505287782877,17.151696781057797
107.22,17.47416453363512,17.574478037414607,17.151676539104283
107.24,17.474124377530867,17.57445082126886,17.151656323423328
107.26,17.47415739283644,17.57442363930228,17.151636133980524
107.28,17.47420751550389,17.574396491471585,17.151615970741535
107.3,17.474094470358445,17.574369377733525,17.151595833672058
107.32,17.473979736602953,17.574342298044918,17.151575722737828
107.34,17.474182713137957,17.574315252362638,17.151555637904643
107.36,17.474021763652296,17.574288240643593,17.151535579138343
107.38,17.473751461888604,17.5742612628448,17.1515155464048
107.4,17.473802895679285,17.574234318923263,17.151495539669934
107.42,17.47385676698069,17.574207408836088,17.15147555889973
107.44,17.47417575040165,17.574180532540407,17.15145560406018
107.46,17.47389674318662,17.574153689993448,17.15143567511737
107.48,17.47398500963208,17.57412688115244,17.151415772037392
107.5,17.474226544181295,17.574100105974715,17.151395894786397
107.52,17.474290925124553,17.574073364417618,17.151376043330576
107.54,17.474270110674155,17.574046656438586,17.15135621763617
107.56,17.474252416298263,17.574019981995086,17.15133641766947
107.58,17.47401431936074,17.573993341044638,17.151316643396793
107.6,17.474169050212897,17.573966733544843,17.151296894784526
107.62,17.474403118570738,17.573940159453326,17.151277171799073
107.64,17.47449729279852,17.573913618727783,17.151257474406904
107.66,17.475114449430638,17.57388711132595,17.151237802574517
107.68,17.475061336458886,17.573860637205648,17.151218156268477
107.7,17.475403998001056,17.573834196324718,17.151198535455364
107.72,17.47553330982429,17.57380778864106,17.151178940101826
107.74,17.47532529816813,17.573781414112652,17.15115937017454
107.76,17.474993541306855,17.5737550726975,17.151139825640236
107.78,17.4748352056335,17.573728764353678,17.151120306465682
107.8,17.47452453889803,17.5737024890393,17.151100812617702
107.82,17.47430034035961,17.57367624671256,17.151081344063144
107.84,17.474071097760422,17.57365003733166,17.15106190076892
107.86,17.47361281122414,17.57362386085491,17.15104248270197
107.88,17.473958763308342,17.573597717240638,17.151023089829284
107.9,17.47427234615666,17.573571606447224,17.1510037221179
107.92,17.4744826830833,17.573545528433133,17.15098437953489
107.94,17.47404580095183,17.573519483156836,17.15096506204738
107.96,17.474179570193556,17.573493470576906,17.150945769622535
107.98,17.473448778704977,17.573467490651936,17.150926502227563
108.0,17.473270771415073,17.573441543340582,17.150907259829705
108.02,17.473074589662644,17.573415628601545,17.150888042396268
108.04,17.472866568949073,17.573389746393598,17.15086884989458
108.06,17.472813457209828,17.57336389667555,17.15084968229203
108.08,17.47310591106961,17.573338079406266,17.150830539556036
108.1,17.472846434910906,17.573312294544667,17.15081142165407
108.12,17.47264833818452,17.57328654204974,17.15079232855364
108.14,17.47281201261837,17.57326082188049,17.150773260222298
108.16,17.47227354278787,17.573235133995997,17.150754216627636
108.18,17.472521806308965,17.57320947835539,17.1507351977373
108.2,17.47306273310679,17.573183854917865,17.150716203518968
108.22,17.47319300090007,17.57315826364264,17.150697233940367
108.24,17.473652507892577,17.57313270448901,17.150678288969257
108.26,17.473674717158293,17.573107177416304,17.150659368573454
108.28,17.473918000597724,17.573081682383922,17.15064047272081
108.3,17.47429617682114,17.5730562193513,17.15062160137921
108.32,17.47413286317544,17.573030788277936,17.150602754516605
108.34,17.474339033829917,17.573005389123363,17.150583932100965
108.36,17.47416285169925,17.572980021847208,17.15056513410031
108.38,17.474123254528752,17.572954686409094,17.15054636048272
108.4,17.473820228104394,17.572929382768724,17.150527611216276
108.42,17.473501962371387,17.57290411088586,17.150508886269147
108.44,17.473720846266584,17.572878870720306,17.150490185609513
108.46,17.47322036024143,17.572853662231903,17.15047150920561
108.48,17.47294575133532,17.57282848538058,17.150452857025705
108.5,17.47350316379055,17.572803340126278,17.150434229038126
108.52,17.473729035472715,17.57277822642901,17.150415625211224
108.54,17.473852716770104,17.57275314424883,17.1503970455134
108.56,17.474125824639984,17.572728093545866,17.1503784899131
108.58,17.474513594130915,17.572703074280273,17.150359958378793
108.6,17.47455593705376,17.572678086412253,17.150341450879022
108.62,17.474802348040225,17.57265312990209,17.150322967382348
108.64,17.475126000034386,17.572628204710085,17.15030450785737
108.66,17.47431109589656,17.57260331079661,17.150286072272745
108.68,17.474034421037675,17.57257844812207,17.150267660597173
108.7,17.47386199851071,17.572553616646946,17.150249272799368
108.72,17.47425619345129,17.57252881633175,17.150230908848116
108.74,17.474158893136543,17.57250404713706,17.150212568712227
108.76,17.474246473532023,17.57247930902348,17.15019425236056
108.78,17.473652139747383,17.57245460195168,17.150175959762013
108.8,17.473917761900978,17.572429925882386,17.150157690885518
108.82,17.473915121795216,17.57240528077637,17.15013944570006
108.84,17.474443287342577,17.572380666594444,17.15012122417466
108.86,17.47457456274637,17.572356083297482,17.150103026278376
108.88,17.474393988962117,17.572331530846398,17.15008485198031
108.9,17.474793027428312,17.572307009202163,17.15006670124961
108.92,17.474679442647805,17.57228251832581,17.150048574055457
108.94,17.47475329231996,17.57225805817839,17.15003047036707
108.96,17.474751941368694,17.57223362872104,17.150012390153723
108.98,17.47500627508645,17.572209229914915,17.149994333384715
109.0,17.474385299519994,17.572184861721226,17.149976300029397
109.02,17.474660180071115,17.572160524101275,17.149958290057153
109.04,17.475007074103083,17.57213621701634,17.14994030343742
109.06,17.47451280546088,17.572111940427806,17.14992234013964
109.08,17.474487572691302,17.572087694297107,17.149904400133348
109.1,17.474538141670724,17.572063478585676,17.149886483388077
109.12,17.474749666546987,17.57203929325505,17.14986858987342
109.14,17.474742543901687,17.572015138266785,17.149850719559005
109.16,17.47370962619381,17.571991013582487,17.149832872414507
109.18,17.473796318083053,17.571966919163835,17.149815048409625
109.2,17.473460454148988,17.57194285497254,17.14979724751411
109.22,17.47325765373857,17.57191882097035,17.14977946969775
109.24,17.472921416693694,17.571894817119077,17.149761714930378
109.26,17.472614072783536,17.571870843380584,17.149743983181857
109.28,17.472661032318037,17.57184689971678,17.149726274422104
109.3,17.47283942919321,17.571822986089607,17.14970858862106
109.32,17.473079187623643,17.57179910246109,17.14969092574871
109.34,17.47359031714411,17.57177524879326,17.149673285775087
109.36,17.47431951405488,17.571751425048234,17.149655668670256
109.38,17.474696556559024,17.571727631188157,17.149638074404322
109.4,17.47472284991338,17.571703867175227,17.14962050294743
109.42,17.47485939244408,17.571680132971697,17.14960295426977
109.44,17.474181428179836,17.571656428539843,17.149585428341563
109.46,17.474735136903597,17.571632753842024,17.149567925133073
109.48,17.47431828921339,17.57160910884063,17.149550444614604
109.5,17.4746198702997,17.57158549349809,17.149532986756498
109.52,17.474530370517513,17.571561907776903,17.149515551529138
109.54,17.474972178706896,17.571538351639592,17.14949813890294
109.56,17.47516634072137,17.57151482504876,17.14948074884837
109.58,17.474281160426266,17.57149132796701,17.14946338133592
109.6,17.4743360832503,17.571467860357046,17.149446036336133
109.62,17.47464286983419,17.571444422181568,17.14942871381958
109.64,17.474382584347694,17.571421013403377,17.149411413756884
109.66,17.47433869813539,17.571397633985278,17.1493941361187
109.68,17.473830069589205,17.571374283890144,17.149376880875714
109.7,17.473515999882423,17.571350963080892,17.14935964799865
109.72,17.473534975873793,17.571327671520475,17.149342437458298
109.74,17.47310440643622,17.57130440917192,17.149325249225452
109.76,17.471918369624447,17.571281175998283,17.149308083270967
109.78,17.471619644159734,17.571257971962662,17.149290939565724
109.8,17.471718790381615,17.571234797028207,17.149273818080648
109.82,17.47198891108633,17.571211651158123,17.149256718786702
109.84,17.471899827266633,17.571188534315667,17.14923964165489
109.86,17.471874478218435,17.57116544646411,17.14922258665625
109.88,17.471675905378948,17.57114238756681,17.149205553761856
109.9,17.4718297108913,17.571119357587143,17.149188542942824
109.92,17.471498637759304,17.571096356488564,17.149171554170312
109.94,17.47128274786329,17.571073384234527,17.149154587415513
109.96,17.47159933958107,17.571050440788564,17.14913764264965
109.98,17.47128233403546,17.571027526114264,17.149120719843992
110.0,17.471364401355732,17.571004640175246,17.149103818969845
110.02,17.47117304525707,17.570981782935167,17.149086939998558
110.04,17.470707743771868,17.570958954357746,17.14907008290151
110.06,17.470543389797097,17.57093615440673,17.14905324765012
110.08,17.470660322128033,17.570913383045944,17.149036434215837
110.1,17.47093563514641,17.570890640239238,17.14901964257017
110.12,17.47078212154668,17.570867925950502,17.14900287268464
110.14,17.470660024168446,17.57084524014368,17.148986124530822
110.16,17.470276262717935,17.57082258278276,17.148969398080318
110.18,17.470943738172842,17.570799953831806,17.14895269330478
110.2,17.470789643080913,17.57077735325486,17.148936010175884
110.22,17.470494447016492,17.570754781016078,17.148919348665352
110.24,17.470452882040647,17.57073223707962,17.148902708744945
110.26,17.470536729636233,17.570709721409717,17.148886090386448
110.28,17.470677156388014,17.570687233970627,17.1488694935617
110.3,17.47087640226344,17.570664774726662,17.148852918242564
110.32,17.470421194334453,17.57064234364219,17.148836364400953
110.34,17.470286424977647,17.570619940681595,17.148819832008797
110.36,17.469950418534353,17.570597565809344,17.148803321038088
110.38,17.470027009740935,17.570575218989912,17.14878683146084
110.4,17.469239952767502,17.57055290018785,17.1487703632491
110.42,17.469664083115596,17.57053060936774,17.148753916374964
110.44,17.469811332346943,17.570508346494204,17.14873749081056
110.46,17.469773124159644,17.57048611153192,17.14872108652805
110.48,17.469265828232118,17.570463904445617,17.148704703499636
110.5,17.469688955809335,17.57044172520005,17.148688341697554
110.52,17.470001306099725,17.57041957376003,17.148672001094074
110.54,17.470188568470096,17.570397450090415,17.148655681661516
110.56,17.470387814440652,17.57037535415609,17.14863938337222
110.58,17.470972462380495,17.570353285922014,17.14862310619857
110.6,17.471242373874976,17.570331245353167,17.148606850112994
110.62,17.471254642987137,17.57030923241459,17.14859061508794
110.64,17.4711854180708,17.57028724707137,17.148574401095896
110.66,17.471544517990242,17.570265289288603,17.148558208109407
110.68,17.471898056984063,17.570243359031476,17.148542036101023
110.7,17.47187417857517,17.570221456265198,17.14852588504335
110.72,17.472163986338483,17.57019958095502,17.148509754909036
110.74,17.472426876190188,17.57017773306625,17.14849364567074
110.76,17.472648599296463,17.57015591256422,17.14847755730118
110.78,17.472743597441216,17.57013411941433,17.148461489773098
110.8,17.47279106875712,17.570112353582015,17.148445443059273
110.82,17.47292175363281,17.57009061503275,17.148429417132533
110.84,17.472677951634132,17.57006890373205,17.148413411965723
110.86,17.472946336010978,17.57004721964549,17.148397427531737
110.88,17.47295362001432,17.570025562738667,17.148381463803492
110.9,17.472975400895173,17.57000393297724,17.148365520753956
110.92,17.47288185724684,17.569982330326916,17.14834959835612
110.94,17.473302623308037,17.569960754753428,17.14833369658302
110.96,17.47326733747698,17.56993920622256,17.148317815407722
110.98,17.473349331264032,17.56991768470014,17.14830195480333
111.0,17.473229346560572,17.569896190152036,17.148286114742987
111.02,17.47373866781946,17.569874722544167,17.148270295199854
111.04,17.473785362608503,17.569853281842494,17.148254496147153
111.06,17.474351676594967,17.569831868013026,17.148238717558122
111.08,17.473829624512035,17.569810481021797,17.14822295940604
111.1,17.47366737970283,17.569789120834898,17.14820722166423
111.12,17.47346413888177,17.569767787418467,17.14819150430603
111.14,17.47311287607403,17.569746480738676,17.14817580730484
111.16,17.472966565972328,17.569725200761745,17.148160130634068
111.18,17.472156516972046,17.56970394745393,17.148144474267173
111.2,17.472203108945642,17.56968272078155,17.14812883817765
111.22,17.47241575317525,17.56966152071094,17.148113222339024
111.24,17.472620195740408,17.569640347208495,17.148097626724844
111.26,17.47216119829704,17.56961920024065,17.148082051308716
111.28,17.472182469410523,17.569598079773883,17.148066496064274
111.3,17.47246395972744,17.56957698577471,17.148050960965175
111.32,17.471658495905636,17.56955591820969,17.14803544598512
111.34,17.472334459847957,17.569534877045438,17.148019951097844
111.36,17.47209089310941,17.56951386224859,17.148004476277112
111.38,17.472371959861057,17.569492873785848,17.147989021496734
111.4,17.47290698207792,17.569471911623936,17.147973586730547
111.42,17.473456634231404,17.56945097572963,17.147958171952414
111.44,17.473566181104964,17.569430066069746,17.147942777136254
111.46,17.473653577443176,17.56940918261115,17.147927402256006
111.48,17.47373199130022,17.569388325320737,17.147912047285644
111.5,17.47354132391208,17.56936749416545,17.147896712199174
111.52,17.47319190095706,17.569346689112283,17.147881396970643
111.54,17.47325093354445,17.56932591012827,17.147866101574127
111.56,17.473308837555738,17.569305157180462,17.147850825983745
111.58,17.473149158834275,17.56928443023599,17.14783557017364
111.6,17.47356400333833,17.56926372926199,17.147820334117988
111.62,17.473410300837806,17.569243054225677,17.147805117791016
111.64,17.473000452212865,17.56922240509428,17.14778992116696
111.66,17.472688829731467,17.569201781835076,17.147774744220115
111.68,17.472605875468197,17.569181184415392,17.14775958692479
111.7,17.47272088719372,17.56916061280259,17.147744449255327
111.72,17.472650641344075,17.569140066964078,17.147729331186124
111.74,17.472689401079553,17.5691195468673,17.147714232691595
111.76,17.47267056111354,17.569099052479743,17.147699153746192
111.78,17.472599566485158,17.56907858376893,17.147684094324397
111.8,17.472321931298588,17.56905814070245,17.147669054400737
111.82,17.47218947922262,17.569037723247906,17.147654033949756
111.84,17.47276043862104,17.56901733137295,17.147639032946042
111.86,17.472193903734514,17.56899696504528,17.147624051364218
111.88,17.47221087349172,17.568976624232622,17.147609089178932
111.9,17.47238257179342,17.568956308902763,17.147594146364877
111.92,17.472625623012636,17.56893601902353,17.147579222896766
111.94,17.472588932030863,17.568915754562767,17.14756431874936
111.96,17.472861149129365,17.56889551548837,17.14754943389744
111.98,17.47303370161034,17.56887530176831,17.147534568315823
112.0,17.472915978860183,17.568855113370542,17.147519721979368
112.02,17.473026476055278,17.56883495026309,17.14750489486296
112.04,17.472475838031187,17.56881481241403,17.147490086941513
112.06,17.47250448758823,17.568794699791457,17.147475298189985
112.08,17.472670081656705,17.568774612363526,17.147460528583352
112.1,17.47237539513301,17.568754550098415,17.147445778096646
112.12,17.47260713486494,17.568734512964358,17.147431046704906
112.14,17.472335430303296,17.568714500929616,17.147416334383227
112.16,17.472632077565272,17.568694513962498,17.14740164110671
112.18,17.472744316682267,17.56867455203135,17.147386966850522
112.2,17.4723233938962,17.568654615104553,17.14737231158983
112.22,17.47185647825855,17.568634703150565,17.147357675299855
112.24,17.47211784243516,17.568614816137814,17.147343057955844
112.26,17.47102504674719,17.568594954034836,17.147328459533085
112.28,17.47108403645137,17.568575116810173,17.14731388000688
112.3,17.471188502894158,17.56855530443242,17.147299319352577
112.32,17.470929352825745,17.5685355168702,17.147284777545554
112.34,17.471123600876364,17.56851575409218,17.14727025456122
112.36,17.47082648103654,17.56849601606707,17.147255750375024
112.38,17.470509478226692,17.56847630276362,17.147241264962435
112.4,17.47062362179263,17.56845661415063,17.14722679829896
112.42,17.47081835079,17.56843695019692,17.14721235036014
112.44,17.470918813242836,17.568417310871354,17.147197921121542
112.46,17.47041185633212,17.56839769614284,17.14718351055878
112.48,17.470273044283058,17.56837810598034,17.147169118647476
112.5,17.470243854432844,17.568358540352815,17.147154745363313
112.52,17.469864443835394,17.56833899922932,17.147140390681983
112.54,17.469949008838416,17.568319482578907,17.147126054579218
112.56,17.469870864741807,17.568299990370694,17.14711173703078
112.58,17.469426504231777,17.568280522573808,17.14709743801247
112.6,17.469947751355374,17.568261079157445,17.147083157500113
112.62,17.470193433173243,17.568241660090823,17.147068895469573
112.64,17.469638317402186,17.568222265343213,17.14705465189673
112.66,17.469381834761187,17.56820289488391,17.147040426757524
112.68,17.469844170762112,17.56818354868226,17.147026220027897
112.7,17.469242648985446,17.56816422670764,17.14701203168384
112.72,17.469258556794237,17.56814492892948,17.14699786170137
112.74,17.46924776305044,17.56812565531722,17.146983710056542
112.76,17.469273508824585,17.568106405840375,17.146969576725425
112.78,17.46888100766958,17.568087180468467,17.146955461684144
112.8,17.469292408685206,17.568067979171072,17.146941364908837
112.82,17.469307098389887,17.568048801917826,17.146927286375686
112.84,17.469369323819528,17.568029648678355,17.146913226060885
112.86,17.469103581984275,17.56801051942236,17.14689918394069
112.88,17.46954616844372,17.567991414119575,17.146885159991356
112.9,17.46989174998142,17.56797233273976,17.146871154189196
112.92,17.470088841429252,17.56795327525273,17.14685716651053
112.94,17.47010155966296,17.56793424162833,17.146843196931723
112.96,17.470518711567674,17.567915231836437,17.146829245429178
112.98,17.471148863569542,17.567896245846978,17.14681531197932
113.0,17.471610626616446,17.56787728362992,17.146801396558594
113.02,17.471641270398166,17.567858345155248,17.1467874991435
113.04,17.471681840606415,17.567839430393004,17.14677361971055
113.06,17.47143661828877,17.56782053931327,17.146759758236293
113.08,17.471141111222675,17.56780167188616,17.14674591469731
113.1,17.47131622804203,17.567782828081818,17.146732089070213
113.12,17.47053139078315,17.567764007870426,17.146718281331644
113.14,17.470058029244843,17.56774521122224,17.146704491458276
113.16,17.469738223876966,17.567726438107492,17.146690719426815
113.18,17.469891772575785,17.567707688496508,17.146676965213985
113.2,17.46952759136756,17.567688962359618,17.14666322879656
113.22,17.468923309352302,17.567670259667207,17.146649510151335
113.24,17.468812460290675,17.567651580389686,17.14663580925513
113.26,17.468182452150632,17.567632924497524,17.146622126084804
113.28,17.468528118563558,17.56761429196119,17.146608460617244
113.3,17.468575120816837,17.56759568275123,17.14659481282937
113.32,17.46863277126711,17.567577096838207,17.14658118269812
113.34,17.468400942087793,17.56755853419272,17.146567570200485
113.36,17.468058610528516,17.567539994785427,17.146553975313466
113.38,17.46789094465165,17.56752147858699,17.146540398014103
113.4,17.468145463606294,17.567502985568137,17.146526838279463
113.42,17.468404862591456,17.56748451569962,17.146513296086646
113.44,17.467995587701235,17.567466068952218,17.146499771412778
113.46,17.46738877348461,17.567447645296777,17.146486264235023
113.48,17.466607827321358,17.567429244704158,17.146472774530565
113.5,17.467010045584384,17.56741086714526,17.14645930227663
113.52,17.467018142893757,17.56739251259103,17.146445847450458
113.54,17.467286536047656,17.567374181012436,17.146432410029334
113.56,17.466398077660802,17.567355872380492,17.146418989990572
113.58,17.466251996679667,17.567337586666252,17.1464055873115
113.6,17.46649045337602,17.567319323840813,17.14639220196949
113.62,17.46640123931588,17.567301083875293,17.14637883394194
113.64,17.46664166787219,17.567282866740854,17.146365483206285
113.66,17.46695691660662,17.567264672408676,17.14635214973998
113.68,17.466872317965127,17.567246500850025,17.146338833520506
113.7,17.467194447271904,17.567228352036153,17.146325534525385
113.72,17.466933729662536,17.567210225938368,17.146312252732166
113.74,17.466791027101046,17.56719212252802,17.146298988118417
113.76,17.466620770712137,17.567174041776486,17.146285740661757
113.78,17.466727897706075,17.567155983655194,17.146272510339806
113.8,17.466868295223776,17.56713794813558,17.146259297130243
113.82,17.467102660908978,17.567119935189147,17.14624610101075
113.84,17.467273315095287,17.567101944787428,17.146232921959058
113.86,17.467408233953176,17.56708397690197,17.146219759952917
113.88,17.467604748596376,17.56706603150438,17.14620661497011
113.9,17.467160831345176,17.56704810856629,17.146193486988448
113.92,17.467006090576618,17.567030208059375,17.146180375985768
113.94,17.466820531261806,17.56701232995534,17.14616728193995
113.96,17.466267921611134,17.566994474225925,17.146154204828882
113.98,17.465847184959458,17.566976640842913,17.14614114463049
114.0,17.466219648148414,17.56695882977813,17.146128101322745
114.02,17.466436758875087,17.566941041003407,17.146115074883618
114.04,17.46657617999378,17.56692327449064,17.14610206529113
114.06,17.466335422743423,17.56690553021176,17.146089072523324
114.08,17.466105985063237,17.56688780813871,17.14607609655827
114.1,17.46593299942237,17.566870108243503,17.146063137374078
114.12,17.46563774753817,17.566852430498145,17.14605019494887
114.14,17.464848781211582,17.566834774874735,17.14603726926081
114.16,17.46469489211632,17.566817141345336,17.146024360288077
114.18,17.464128461819435,17.56679952988211,17.146011468008897
114.2,17.463915375861188,17.56678194045722,17.145998592401508
114.22,17.464281824564644,17.566764373042883,17.14598573344419
114.24,17.464532277575593,17.566746827611325,17.145972891115242
114.26,17.464225130708996,17.56672930413484,17.145960065392998
114.28,17.464376409891596,17.566711802585726,17.145947256255813
114.3,17.464508088069078,17.56669432293635,17.145934463682075
114.32,17.464283935806748,17.566676865159085,17.145921687650198
114.34,17.46449185811792,17.566659429226345,17.14590892813864
114.36,17.463802768912227,17.5666420151106,17.145896185125856
114.38,17.463518367703653,17.566624622784328,17.145883458590355
114.4,17.463437438726082,17.566607252220056,17.145870748510667
114.42,17.463326569809336,17.566589903390344,17.14585805486535
114.44,17.463630581009795,17.56657257626778,17.145845377632988
114.46,17.463381668353332,17.566555270825006,17.1458327167922
114.48,17.462791244300462,17.566537987034675,17.14582007232162
114.5,17.462749809097758,17.566520724869488,17.14580744419992
114.52,17.462461712392425,17.56650348430219,17.14579483240581
114.54,17.462114432996064,17.566486265305528,17.145782236918002
114.56,17.46241837550661,17.56646906785232,17.145769657715256
114.58,17.462600272971365,17.56645189191541,17.145757094776354
114.6,17.46277074340066,17.56643473746764,17.14574454808011
114.62,17.46289701756367,17.566417604481952,17.14573201760535
114.64,17.462589448066048,17.566400492931262,17.145719503330955
114.66,17.46251162742399,17.566383402788556,17.14570700523581
114.68,17.462379556441245,17.566366334026846,17.14569452329884
114.7,17.462267893494914,17.566349286619175,17.14568205749899
114.72,17.462143165528285,17.56633226053862,17.14566960781524
114.74,17.462530950612415,17.56631525575828,17.145657174226592
114.76,17.462759662655433,17.566298272251334,17.14564475671208
114.78,17.46250300706302,17.566281309990934,17.145632355250765
114.8,17.46236209510231,17.5662643689503,17.145619969821727
114.82,17.461774394699212,17.566247449102697,17.14560760040409
114.84,17.461899265653727,17.5662305504214,17.145595246976992
114.86,17.46199673512645,17.56621367287972,17.1455829095196
114.88,17.4622069404979,17.56619681645102,17.145570588011118
114.9,17.46209149869312,17.566179981108668,17.14555828243076
114.92,17.462054022803617,17.5661631668261,17.14554599275779
114.94,17.46211389349877,17.566146373576764,17.14553371897148
114.96,17.461484220645726,17.566129601334143,17.14552146105113
114.98,17.46146435162881,17.566112850071757,17.14550921897608
115.0,17.461585194959145,17.56609611976317,17.145496992725693
115.02,17.461700953393045,17.56607941038197,17.145484782279354
115.04,17.46151572001382,17.566062721901762,17.145472587616474
115.06,17.46137942105937,17.566046054296216,17.145460408716502
115.08,17.461058603338774,17.566029407539006,17.1454482455589
115.1,17.461128848122705,17.566012781603874,17.145436098123167
115.12,17.461203704952553,17.565996176464562,17.145423966388822
115.14,17.46084528780864,17.565979592094855,17.14541185033542
115.16,17.461112840235735,17.565963028468584,17.145399749942538
115.18,17.461252144937077,17.565946485559603,17.145387665189773
115.2,17.46091727559531,17.565929963341805,17.14537559605676
115.22,17.46104242199609,17.5659134617891,17.14536354252315
115.24,17.461507201037364,17.565896980875458,17.145351504568637
115.26,17.46171011396039,17.565880520574854,17.145339482172922
115.28,17.462088854093253,17.565864080861314,17.14532747531575
115.3,17.46186803687259,17.56584766170889,17.14531548397688
115.32,17.461834699155276,17.56583126309168,17.1453035081361
115.34,17.461461257801616,17.565814884983794,17.145291547773226
115.36,17.46072744752689,17.56579852735938,17.145279602868108
115.38,17.46059165888079,17.565782190192643,17.14526767340061
115.4,17.46077779106299,17.56576587345778,17.145255759350633
115.42,17.46030883599284,17.565749577129072,17.145243860698102
115.44,17.460238966801192,17.56573330118077,17.145231977422956
115.46,17.460336709572704,17.56571704558721,17.14522010950518
115.48,17.45982478289611,17.565700810322742,17.145208256924764
115.5,17.459867442107498,17.565684595361745,17.145196419661755
115.52,17.46007279750423,17.565668400678625,17.145184597696186
115.54,17.459729100334084,17.565652226247845,17.14517279100815
115.56,17.46037598123043,17.56563607204388,17.145160999577755
115.58,17.46030093604091,17.565619938041248,17.145149223385125
115.6,17.46039053825673,17.565603824214474,17.14513746241043
115.62,17.46084095547073,17.56558773053816,17.145125716633842
115.64,17.4610653256661,17.5655716569869,17.14511398603558
115.66,17.461299824818177,17.565555603535337,17.14510227059588
115.68,17.4615477846665,17.565539570158155,17.145090570295004
115.7,17.4612482950613,17.565523556830044,17.145078885113243
115.72,17.46122759048795,17.56550756352577,17.145067215030913
115.74,17.46139641737399,17.56549159022007,17.14505556002835
115.76,17.460621660128304,17.565475636887776,17.14504392008593
115.78,17.460913801116025,17.565459703503706,17.145032295184023
115.8,17.460829653751656,17.56544379004273,17.145020685303074
115.82,17.460667926776267,17.565427896479754,17.14500909042351
115.84,17.46087500725669,17.56541202278969,17.144997510525805
115.86,17.46086019515657,17.56539616894752,17.144985945590456
115.88,17.460883991991633,17.56538033492824,17.14497439559798
115.9,17.461316468029803,17.565364520706858,17.144962860528928
115.92,17.461463159630224,17.565348726258446,17.144951340363868
115.94,17.461272563441373,17.56533295155809,17.1449398350834
115.96,17.461367560264375,17.56531719658091,17.144928344668138
115.98,17.461889601219315,17.565301461302052,17.144916869098743
116.0,17.461733823618605,17.565285745696727,17.14490540835589
116.02,17.461744048865917,17.56527004974012,17.144893962420266
116.04,17.4616884590559,17.565254373407498,17.1448825312726
116.06,17.461514353770397,17.565238716674127,17.144871114893643
116.08,17.461890771531376,17.565223079515327,17.144859713264175
116.1,17.462479524310844,17.56520746190644,17.14484832636499
116.12,17.463328282286625,17.565191863822832,17.14483695417691
116.14,17.463689078758744,17.565176285239914,17.144825596680796
116.16,17.46337925300681,17.565160726133126,17.14481425385752
116.18,17.462998710968407,17.565145186477928,17.144802925687976
116.2,17.462285308843242,17.565129666249813,17.1447916121531
116.22,17.46207964156209,17.565114165424323,17.144780313233838
116.24,17.46263291204664,17.565098683977013,17.14476902891117
116.26,17.462470593995818,17.56508322188346,17.144757759166094
116.28,17.462339713685303,17.56506777911931,17.14474650397964
116.3,17.46239825064476,17.565052355660214,17.14473526333285
116.32,17.46216783417079,17.56503695148184,17.144724037206807
116.34,17.461923232025676,17.565021566559913,17.144712825582612
116.36,17.461230034914934,17.56500620087019,17.144701628441386
116.38,17.46141852121491,17.564990854388437,17.144690445764287
116.4,17.460988062321753,17.564975527090454,17.144679277532482
116.42,17.460583415637842,17.56496021895209,17.14466812372718
116.44,17.460636141179826,17.56494492994922,17.144656984329593
116.46,17.460464691646777,17.564929660057725,17.14464585932098
116.48,17.46092960737083,17.564914409253557,17.144634748682613
116.5,17.460338680562224,17.564899177512665,17.144623652395786
116.52,17.46022373968093,17.564883964811045,17.144612570441833
116.54,17.460578735742747,17.56486877112472,17.14460150280209
116.56,17.460374874770228,17.56485359642974,17.144590449457933
116.58,17.460376315943645,17.564838440702182,17.144579410390755
116.6,17.460081083502516,17.564823303918182,17.144568385581984
116.62,17.45970585006917,17.56480818605385,17.14455737501306
116.64,17.45995879758417,17.564793087085388,17.144546378665456
116.66,17.459895140195464,17.564778006989002,17.144535396520663
116.68,17.459920891136854,17.5647629457409,17.1445244285602
116.7,17.459642336819382,17.56474790331738,17.144513474765606
116.72,17.46002180125218,17.56473287969471,17.14450253511846
116.74,17.46044079171224,17.564717874849222,17.144491609600337
116.76,17.460783246822007,17.564702888757285,17.14448069819287
116.78,17.460558108906184,17.564687921395272,17.144469800877676
116.8,17.46029376104268,17.564672972739597,17.144458917636438
116.82,17.459899184495658,17.564658042766716,17.144448048450833
116.84,17.460255629193536,17.564643131453096,17.144437193302576
116.86,17.460260580821537,17.56462823877525,17.144426352173404
116.88,17.460530650003037,17.564613364709707,17.14441552504507
116.9,17.460286614695892,17.564598509233026,17.144404711899366
116.92,17.4604961984478,17.56458367232181,17.14439391271809
116.94,17.46084652121284,17.564568853952686,17.14438312748308
116.96,17.460259288530203,17.564554054102302,17.144372356176195
116.98,17.46038765564649,17.564539272747346,17.1443615987793
117.0,17.459688100691384,17.564524509864523,17.14435085527431
117.02,17.4597297489574,17.564509765430586,17.144340125643147
117.04,17.46000243434811,17.564495039422305,17.144329409867762
117.06,17.459905442682,17.56448033181648,17.144318707930125
117.08,17.460016810462285,17.56446564258994,17.14430801981224
117.1,17.459787045155814,17.564450971719555,17.144297345496124
117.12,17.459694690735706,17.564436319182203,17.144286684963824
117.14,17.459670489027808,17.564421684954816,17.144276038197404
117.16,17.45972416271175,17.564407069014337,17.144265405178956
117.18,17.459560255270635,17.564392471337744,17.144254785890602
117.2,17.459569391413496,17.564377891902037,17.144244180314473
117.22,17.459634649100487,17.56436333068427,17.14423358843274
117.24,17.459687051707427,17.564348787661494,17.14422301022758
117.26,17.459429268628504,17.564334262810814,17.14421244568121
117.28,17.459036935514636,17.564319756109352,17.14420189477585
117.3,17.458984281152837,17.564305267534255,17.144191357493767
117.32,17.459506760476433,17.56429079706271,17.144180833817238
117.34,17.45946938740599,17.564276344671928,17.144170323728567
117.36,17.45993485530232,17.564261910339155,17.14415982721007
117.38,17.459439202348296,17.564247494041652,17.14414934424411
117.4,17.459383329980106,17.564233095756705,17.14413887481304
117.42,17.459696414611976,17.56421871546167,17.144128418899275
117.44,17.459864528289756,17.56420435313388,17.14411797648522
117.46,17.46002030873474,17.56419000875072,17.14410754755332
117.48,17.460246503790746,17.564175682289633,17.14409713208604
117.5,17.460062383576243,17.56416137372802,17.14408673006586
117.52,17.459949535825118,17.564147083043366,17.1440763414753
117.54,17.460669656821782,17.56413281021318,17.144065966296893
117.56,17.46045797239112,17.564118555214982,17.144055604513188
117.58,17.460648279877805,17.564104318026327,17.144045256106768
117.6,17.460441079661184,17.564090098624796,17.144034921060236
117.62,17.459883535509302,17.564075896988005,17.14402459935621
117.64,17.459727461081403,17.564061713093608,17.144014290977346
117.66,17.460013582185493,17.564047546919266,17.144003995906314
117.68,17.45976412158748,17.564033398442664,17.1439937141258
117.7,17.459534990377414,17.564019267641548,17.143983445618517
117.72,17.45985456152516,17.564005154493664,17.143973190367216
117.74,17.458927762448848,17.563991058976793,17.143962948354645
117.76,17.458541479270824,17.563976981068752,17.143952719563597
117.78,17.458550149595172,17.563962920747375,17.143942503976874
117.8,17.458004076880332,17.56394887799054,17.1439323015773
117.82,17.457854275748105,17.563934852776125,17.14392211234774
117.84,17.458283410934524,17.563920845082073,17.143911936271056
117.86,17.458971457226962,17.563906854886326,17.143901773330146
117.88,17.458735906276758,17.56389288216686,17.143891623507937
117.9,17.45880286817703,17.563878926901697,17.14388148678735
117.92,17.45893929738958,17.563864989068854,17.143871363151373
117.94,17.458585255642,17.5638510686464,17.143861252582976
117.96,17.458542451125947,17.563837165612444,17.143851155065168
117.98,17.458663938817804,17.563823279945083,17.143841070580986
118.0,17.45903137591115,17.563809411622476,17.143830999113476
118.02,17.4589608781617,17.563795560622786,17.143820940645714
118.04,17.45875011576601,17.563781726924237,17.1438108951608
118.06,17.45938452850683,17.56376791050504,17.143800862641854
118.08,17.45964673735482,17.563754111343457,17.14379084307201
118.1,17.46017161480253,17.563740329417776,17.143780836434445
118.12,17.460047723965086,17.563726564706307,17.143770842712335
118.14,17.460251490566687,17.563712817187398,17.14376086188889
118.16,17.460333690381987,17.563699086839403,17.143750893947335
118.18,17.460488359974228,17.563685373640734,17.143740938870927
118.2,17.460402855704153,17.563671677569804,17.143730996642937
118.22,17.46089783790808,17.563657998605066,17.143721067246663
118.24,17.460482180020236,17.563644336724995,17.14371115066542
118.26,17.46025814888718,17.56363069190809,17.143701246882546
118.28,17.460560896690374,17.563617064132906,17.143691355881405
118.3,17.46084753480715,17.56360345337798,17.14368147764538
118.32,17.460894514965325,17.563589859621903,17.143671612157874
118.34,17.46051573178531,17.563576282843297,17.143661759402313
118.36,17.460690740618677,17.563562723020798,17.14365191936215
118.38,17.461298515777855,17.56354918013307,17.14364209202085
118.4,17.461201526090335,17.563535654158812,17.143632277361906
118.42,17.460824859272357,17.563522145076746,17.143622475368833
118.44,17.46083594504672,17.563508652865625,17.14361268602516
118.46,17.460849704622436,17.56349517750422,17.143602909314456
118.48,17.460757745426513,17.56348171897135,17.143593145220287
118.5,17.460687926592122,17.563468277245807,17.143583393726257
118.52,17.46077539984194,17.56345485230648,17.143573654815984
118.54,17.460289869034437,17.56344144413225,17.143563928473114
118.56,17.46078274293429,17.563428052702022,17.143554214681313
118.58,17.4610968588515,17.56341467799473,17.14354451342426
118.6,17.46129873335107,17.56340131998934,17.14353482468567
118.62,17.460972798497668,17.56338797866485,17.143525148449264
118.64,17.461412199498266,17.563374654000267,17.143515484698796
118.66,17.46087724471101,17.563361345974645,17.143505833418033
118.68,17.46038044610543,17.563348054567044,17.143496194590767
118.7,17.46065381750754,17.563334779756566,17.143486568200817
118.72,17.460965980310803,17.56332152152234,17.143476954232014
118.74,17.46110746952017,17.563308279843504,17.14346735266821
118.76,17.460948213176735,17.563295054699246,17.14345776349329
118.78,17.461162614040433,17.563281846068758,17.143448186691145
118.8,17.461419853881303,17.56326865393129,17.143438622245707
118.82,17.46163781808309,17.563255478266075,17.143429070140893
118.84,17.461311351788762,17.563242319052407,17.143419530360685
118.86,17.46100692609754,17.56322917626959,17.14341000288906
118.88,17.461478657426746,17.563216049896962,17.143400487710014
118.9,17.461699832039407,17.56320293991388,17.143390984807578
118.92,17.461947777067074,17.563189846299732,17.143381494165794
118.94,17.46192790568546,17.563176769033937,17.143372015768737
118.96,17.461629853574117,17.56316370809593,17.143362549600482
118.98,17.46119784082522,17.56315066346517,17.14335309564514
119.0,17.461321699516528,17.563137635121166,17.143343653886845
119.02,17.461448646541236,17.56312462304341,17.14333422430974
119.04,17.46159433914924,17.563111627211466,17.143324806898
119.06,17.460919784242503,17.5630986476049,17.14331540163582
119.08,17.461025097301402,17.563085684203305,17.143306008507402
119.1,17.460834806766687,17.563072736986296,17.143296627496984
119.12,17.460528065108456,17.563059805933538,17.143287258588817
119.14,17.46063881737101,17.563046891024673,17.143277901767178
119.16,17.4611099819271,17.563033992239422,17.143268557016356
119.18,17.461483333053774,17.563021109557518,17.14325922432067
119.2,17.46159796022192,17.563008242958688,17.143249903664458
119.22,17.462035418165353,17.562995392422717,17.14324059503207
119.24,17.462085318077715,17.562982557929423,17.14323129840789
119.26,17.462331343772792,17.562969739458612,17.14322201377631
119.28,17.461732183884383,17.56295693699013,17.14321274112174
119.3,17.461507456778968,17.56294415050389,17.14320348042863
119.32,17.461291390373457,17.56293137997975,17.14319423168144
119.34,17.460874936160636,17.56291862539768,17.143184994864637
119.36,17.460774719154607,17.562905886737614,17.14317576996273
119.38,17.461042882929338,17.562893163979542,17.14316655696023
119.4,17.461022424740467,17.562880457103454,17.143157355841684
119.42,17.461218690153007,17.562867766089393,17.14314816659165
119.44,17.461384476336345,17.562855090917417,17.143138989194707
119.46,17.461252800378873,17.562842431567592,17.143129823635448
119.48,17.46114029937605,17.562829788020046,17.143120669898508
119.5,17.461458636752237,17.5628171602549,17.143111527968514
119.52,17.461794100353806,17.562804548252313,17.14310239783014
119.54,17.46137399359773,17.56279195199247,17.143093279468058
119.56,17.46186611711312,17.562779371455566,17.14308417286697
119.58,17.462680760787272,17.562766806621855,17.143075078011602
119.6,17.462773859280006,17.562754257471575,17.143065994886687
119.62,17.463305328193844,17.562741723985017,17.143056923476987
119.64,17.46298866237214,17.562729206142492,17.14304786376729
119.66,17.463094018222087,17.56271670392432,17.143038815742393
119.68,17.46321854117886,17.562704217310884,17.14302977938712
119.7,17.463318671424506,17.56269174628253,17.1430207546863
119.72,17.462836280573917,17.5626792908197,17.14301174162481
119.74,17.46228350540036,17.562666850902794,17.143002740187516
119.76,17.462494717356467,17.56265442651231,17.142993750359327
119.78,17.46229513459164,17.562642017628686,17.14298477212516
119.8,17.461955515742957,17.562629624232464,17.14297580546996
119.82,17.462055943859326,17.562617246304157,17.142966850378677
119.84,17.46179508866915,17.562604883824317,17.142957906836294
119.86,17.46231895820336,17.562592536773536,17.142948974827814
119.88,17.462297186795375,17.562580205132416,17.14294005433825
119.9,17.462230969463487,17.562567888881585,17.142931145352645
119.92,17.46226142385775,17.562555588001697,17.142922247856056
119.94,17.462156787166464,17.562543302473443,17.142913361833553
119.96,17.462230617763748,17.56253103227751,17.142904487270243
119.98,17.46222953819643,17.56251877739463,17.142895624151233
120.0,17.4626066959106,17.562506537805554,17.14288677246167
